-- phpMyAdmin SQL Dump
-- version 5.0.2
-- https://www.phpmyadmin.net/
--
-- Host: 127.0.0.1
-- Generation Time: Mar 18, 2021 at 11:15 AM
-- Server version: 10.4.11-MariaDB
-- PHP Version: 7.4.6

SET SQL_MODE = "NO_AUTO_VALUE_ON_ZERO";
START TRANSACTION;
SET time_zone = "+00:00";


/*!40101 SET @OLD_CHARACTER_SET_CLIENT=@@CHARACTER_SET_CLIENT */;
/*!40101 SET @OLD_CHARACTER_SET_RESULTS=@@CHARACTER_SET_RESULTS */;
/*!40101 SET @OLD_COLLATION_CONNECTION=@@COLLATION_CONNECTION */;
/*!40101 SET NAMES utf8mb4 */;

--
-- Database: `cone_new`
--

-- --------------------------------------------------------

--
-- Table structure for table `bargains`
--

CREATE TABLE `bargains` (
  `dID` varchar(50) NOT NULL,
  `bPrice` int(11) NOT NULL,
  `bID` varchar(50) NOT NULL,
  `time_stamp` timestamp NOT NULL DEFAULT current_timestamp(),
  `oID` varchar(11) NOT NULL
) ENGINE=InnoDB DEFAULT CHARSET=utf8mb4;

--
-- Dumping data for table `bargains`
--

INSERT INTO `bargains` (`dID`, `bPrice`, `bID`, `time_stamp`, `oID`) VALUES
('DT0016', 1220, 'BG0001', '2021-03-18 09:29:12', 'QT0006'),
('DT0017', 1460, 'BG0002', '2021-03-18 09:29:12', 'QT0006'),
('DT0018', 800, 'BG0003', '2021-03-18 09:29:12', 'QT0006'),
('DT0031', 780, 'BG0004', '2021-03-18 09:29:29', 'QT0011'),
('DT0032', 500, 'BG0005', '2021-03-18 09:29:29', 'QT0011'),
('DT0025', 80, 'BG0006', '2021-03-18 09:29:59', 'QT0009'),
('DT0026', 195, 'BG0007', '2021-03-18 09:29:59', 'QT0009'),
('DT0027', 20, 'BG0008', '2021-03-18 09:29:59', 'QT0009'),
('DT0038', 585, 'BG0009', '2021-03-18 09:30:20', 'QT0014'),
('DT0039', 39, 'BG0010', '2021-03-18 09:30:20', 'QT0014'),
('DT0040', 500, 'BG0011', '2021-03-18 09:30:20', 'QT0014'),
('DT0013', 600, 'BG0012', '2021-03-18 09:31:57', 'QT0005'),
('DT0014', 121, 'BG0013', '2021-03-18 09:31:57', 'QT0005'),
('DT0015', 290, 'BG0014', '2021-03-18 09:31:57', 'QT0005'),
('DT0013', 600, 'BG0015', '2021-03-18 09:34:58', 'QT0005'),
('DT0014', 125, 'BG0016', '2021-03-18 09:34:58', 'QT0005'),
('DT0015', 290, 'BG0017', '2021-03-18 09:34:58', 'QT0005');

-- --------------------------------------------------------

--
-- Table structure for table `catagories`
--

CREATE TABLE `catagories` (
  `caID` varchar(50) NOT NULL,
  `gID` varchar(50) NOT NULL,
  `caName` varchar(45) NOT NULL
) ENGINE=InnoDB DEFAULT CHARSET=utf8;

--
-- Dumping data for table `catagories`
--

INSERT INTO `catagories` (`caID`, `gID`, `caName`) VALUES
('C0001', 'G0001', 'เกเบี้ยน'),
('C0002', 'G0001', 'แมทเทรส'),
('C0003', 'G0001', 'ผ้าใยสังเคราะห์'),
('C0004', 'G0001', 'ลวดพัน'),
('C0005', 'G0002', 'ปูนถุง'),
('C0006', 'G0002', 'อิฐ / บล็อค'),
('C0007', 'G0002', 'หิน / ทราย'),
('C0008', 'G0002', 'อุปกรณ์งานปูน'),
('C0009', 'G0003', 'เครื่องมือช่าง'),
('C0010', 'G0003', 'อุปกรณ์รัด / ยึด / ติด'),
('C0011', 'G0003', 'เครื่องมือวัด'),
('C0012', 'G0003', 'เบ็ดเตล็ด'),
('C0013', 'G0003', 'อุปกรณ์ประตูเลื่อน'),
('C0014', 'G0003', 'วัสดุและอุปกรณ์งานตัด'),
('C0015', 'G0003', 'ประตู-หน้าต่าง'),
('C0016', 'G0003', 'อุปกรณ์ไฟฟ้า'),
('C0017', 'G0003', 'เครื่องมืองานสี'),
('C0018', 'G0003', 'อุปกรณ์งานตัด'),
('C0019', 'G0003', 'อุปกรณ์งานขัด'),
('C0020', 'G0003', 'ล้อเฟอร์นิเจอร์'),
('C0021', 'G0003', 'หน้าร้าน'),
('C0022', 'G0003', 'อุปกรณ์งานประปาและสุขภัณฑ์'),
('C0023', 'G0003', 'อุปกรณ์งานกระเบื้อง'),
('C0024', 'G0003', 'วัสดุและอุปกรณ์งานตัด งานเจียร์'),
('C0025', 'G0003', 'ไม้ฝา-เชิงชาย'),
('C0026', 'G0004', 'PVC'),
('C0027', 'G0005', 'ตะแกรงเหล็ก (กลม)'),
('C0028', 'G0005', 'ตะแกรงเหล็ก (ข้ออ้อย)'),
('C0029', 'G0005', 'ทับหลัง'),
('C0030', 'G0006', 'เหล็กเส้น'),
('C0031', 'G0006', 'ลวดมัดเหล็ก'),
('C0032', 'G0007', 'เหล็กกล่อง'),
('C0033', 'G0007', 'เหล็กตัวซี'),
('C0034', 'G0007', 'ท่อ'),
('C0035', 'G0007', 'อุปกรณ์ท่อและประปา'),
('C0036', 'G0007', 'เหล็กฉาก'),
('C0040', 'G0007', 'เหล็กแบน'),
('C0041', 'G0007', 'เหล็กแผ่น'),
('C0042', 'G0007', 'เหลี่ยมตัน / เพลาขาว'),
('C0043', 'G0007', 'เหล็กราง'),
('C0044', 'G0007', 'HB / WF / IB'),
('C0045', 'G0007', 'ตาข่าย'),
('C0046', 'G0007', 'ลวดหยิก'),
('C0047', 'G0007', 'ลวดหนาม'),
('C0048', 'G0007', 'รั้วแรงดึง'),
('C0049', 'G0007', 'วัสดุและอุปกรณ์งานเชื่อม'),
('C0050', 'G0007', 'วัสดุและอุปกรณ์งานตัด / เจียร์'),
('C0051', 'G0007', 'ตะปู'),
('C0052', 'G0007', 'สี / น้ำมัน'),
('C0053', 'G0007', 'น๊อต / แหวน'),
('C0054', 'G0007', 'ปลอก'),
('C0055', 'G0007', 'ตะแกรงเหล็กฉีก');

-- --------------------------------------------------------

--
-- Table structure for table `customers`
--

CREATE TABLE `customers` (
  `cID` varchar(50) NOT NULL,
  `cFname` varchar(45) NOT NULL,
  `cLname` varchar(45) NOT NULL,
  `cCompany` varchar(500) DEFAULT 'ไม่มีข้อมูล',
  `cAddress` text NOT NULL,
  `cPhone` varchar(45) NOT NULL,
  `tierID` varchar(50) NOT NULL DEFAULT '3'
) ENGINE=InnoDB DEFAULT CHARSET=utf8;

--
-- Dumping data for table `customers`
--

INSERT INTO `customers` (`cID`, `cFname`, `cLname`, `cCompany`, `cAddress`, `cPhone`, `tierID`) VALUES
('10', 'บุญเลียว', 'สุขใจ', 'หจก.  จอมทอง  13', '219  หมู่ 13  ต. ข่วงเปา  อ. จอมทอง จ. เชียงใหม่', '0894359950', '3'),
('11', 'วิชัย', 'พิริยะอนันต์', 'ไม่มีข้อมูล', '39 ถ.อัษฎาธร ต.ศรีภูมิ อ.เมืองเชียงใหม่ จ.เชียงใหม่', '0865865630', '3'),
('12', 'บุญส่ง', 'บัวผัด', 'บุญส่งเสริมธุรกิจ', '217 หมู่ 1 ต.สันทราย อ.ฝาง จ.เชียงใหม่ 50110', '0857077440', '3'),
('13', 'นิรันดร์', 'ชัยกุล', 'ไม่มีข้อมูล', '16  หมู่ 1  ต.เวียงเหนือ อ.ปาย จ.แม่ฮ่องสอน', '0899563309', '3'),
('14', 'อาชา', 'ยาภรณ์', 'หจก. อาชายาภรณ์', '38  หมู่  4  ต.แม่เหียะ  อ.เมือง จ.เชียงใหม่', '053804055', '3'),
('15', 'พูนสิน', 'เลิศหล้า', 'บริษัท  พูนสินพร็อพเพอร์ตี้  จำกัด', '1771  ถนนเพชรบุรีตัดใหม่ แขวงบางกะปิ เขตห้วยขวาง กรุงเทพ 10310', '053426933', '3'),
('16', 'นัยนา', 'กันธวงศ์', 'ไม่มีข้อมูล', '13/4  หมู่ 3 ซ.2 ถ.เชียงใหม่-สันกำแพง อ.สันกำแพง จ.เชียงใหม่', '0801246900', '3'),
('17', 'พนธกร', 'สมศักดิ์ศรี', 'หจก. พนธกรการโยธา', '47/2  หมู่  4  ต.ยุหว่า  อ.สันป่าตอง จ.เชียงใหม่', '0818838223', '3'),
('18', 'รชฏ', 'พอเพียง', 'หสม. รชฏทรัพย์เจริญ', '156 ม.5  ต.เวียงยอง  อ.เมือง  จ.ลำพูน', '0844801177', '3'),
('19', 'ไพฑูรย์', 'วาระมนตรี', 'ไม่มีข้อมูล', '2/1  หมู่  9  ต.แม่ลาน้อย  อ.แม่ลาน้อย จ.แม่ฮ่องสอน', '053689029', '3'),
('20', 'อุดม', 'ธนกิจ', 'บริษัท อุดมธนา จำกัด', '441  หมู่ 1  ต.แม่นะ  อ.เชียงดาว จ.เชียงใหม่  50170', '0818822471', '3'),
('21', 'กรวิชญ์', 'วรรณจิตร', 'ไม่มีข้อมูล', '21/1 หมู่ 2 ต.ชมภู  อ.สารภี  จ.เชียงใหม่', '0857211431', '3'),
('22', 'ศุภกร', 'ทรัพย์สมบูรณ์', 'หจก. เชียงใหม่ ทรัพย์สมบูรณ์', '17/2 หมู่ 2 ต.ป่าบง อ.สารภี จ.เชียงใหม่', '053128478', '3'),
('3', 'มนัส', 'คงอยู่', 'หจก. ทะนันก่อสร้าง 2552', '158  หมู่  4  ต. ทุ่งพร้าว  อ. แม่สะเรียง จ. แม่ฮ่องสอน', '0819502531', '3'),
('4', 'ธนภัทร', 'รุ่งเรือง', 'ร้าน  ธนภัทรการก่อสร้าง', '14 หมู่ 3  ต.แม่นะ อ.เชียงดาว จ.เชียงใหม่', '0818835576', '1'),
('5', 'ทวีศักดิ์', 'ดวงแก้ว', 'ไม่มีข้อมูล', '44/2  ซอย 14  หมู่ 2  ต. ท่าศาลา  อ. เมือง จ. เชียงใหม่', '0818820526', '2'),
('6', 'ร่มฉัตร', 'สุขเกษม', 'บริษัท ร่มฉัตร ดีเวลลอปเม้นท์ จำกัด', '4/11 ชั้น 7 อาคารนวรัฐ  ถ.แก้วนวรัฐ ซอย 3 ต.วัดเกต อ.เมือง จ. เชียงใหม่', '053248816', '4'),
('7', 'ปิยะ', 'ไพศาล', 'ร้าน  ปิยะวัสดุ', '614  หมู่ 14  ต. ข่วงเปา  อ. จอมทอง จ. เชียงใหม่', '053341675', '3'),
('8', 'สมเพชร', 'รินยานะ', 'ไม่มีข้อมูล', '134  หมู่ 3  ต. สบแม่ข่า  อ. หางดง จ. เชียงใหม่', '0861861257', '3'),
('9', 'เจเอ็น', 'เพาเวอร์', 'หจก.  เจ เอ็น เพาเวอร์', '195  หมู่ 8  ต. ปางหมู  อ. เมือง จ. แม่ฮ่องสอน', '0899971626', '3');

-- --------------------------------------------------------

--
-- Table structure for table `details`
--

CREATE TABLE `details` (
  `dID` varchar(50) NOT NULL,
  `oID` varchar(50) NOT NULL,
  `pID` varchar(50) NOT NULL,
  `dQuantity` int(11) NOT NULL,
  `dPrice` int(11) DEFAULT NULL,
  `dInStock` tinyint(4) NOT NULL DEFAULT 1
) ENGINE=InnoDB DEFAULT CHARSET=utf8;

--
-- Dumping data for table `details`
--

INSERT INTO `details` (`dID`, `oID`, `pID`, `dQuantity`, `dPrice`, `dInStock`) VALUES
('DT0001', 'QT0001', 'P0002', 15, 500, 1),
('DT0002', 'QT0001', 'P0010', 10, 43, 1),
('DT0003', 'QT0001', 'P0015', 100, 10, 1),
('DT0004', 'QT0002', 'P0016', 20, 100, 1),
('DT0005', 'QT0002', 'P0018', 8, 500, 1),
('DT0006', 'QT0002', 'P0014', 3, 125, 1),
('DT0007', 'QT0003', 'P0169', 5, 300, 1),
('DT0008', 'QT0003', 'P0142', 10, 1000, 1),
('DT0009', 'QT0003', 'P0166', 5, 400, 1),
('DT0010', 'QT0004', 'P0171', 10, 500, 1),
('DT0011', 'QT0004', 'P0211', 10, 400, 1),
('DT0012', 'QT0004', 'P0215', 5, 600, 1),
('DT0013', 'QT0005', 'P0172', 5, 600, 1),
('DT0014', 'QT0005', 'P0065', 5, 125, 1),
('DT0015', 'QT0005', 'P0026', 2, 290, 1),
('DT0016', 'QT0006', 'P0114', 4, 1250, 1),
('DT0017', 'QT0006', 'P0142', 6, 1500, 1),
('DT0018', 'QT0006', 'P0001', 10, 800, 1),
('DT0019', 'QT0007', 'P0003', 5, 800, 1),
('DT0020', 'QT0007', 'P0006', 5, 900, 1),
('DT0021', 'QT0007', 'P0017', 3, 1000, 1),
('DT0022', 'QT0008', 'P0010', 5, 43, 1),
('DT0023', 'QT0008', 'P0133', 100, 20, 1),
('DT0024', 'QT0008', 'P0211', 5, 400, 1),
('DT0025', 'QT0009', 'P0035', 5, 80, 1),
('DT0026', 'QT0009', 'P0057', 2, 200, 1),
('DT0027', 'QT0009', 'P0015', 20, 20, 1),
('DT0028', 'QT0010', 'P0194', 5, 500, 1),
('DT0029', 'QT0010', 'P0214', 3, 700, 1),
('DT0030', 'QT0010', 'P0108', 9, 800, 1),
('DT0031', 'QT0011', 'P0001', 5, 800, 1),
('DT0032', 'QT0011', 'P0018', 5, 500, 1),
('DT0033', 'QT0012', 'P0169', 5, 700, 1),
('DT0034', 'QT0012', 'P0208', 8, 500, 1),
('DT0035', 'QT0013', 'P0101', 3, 0, 0),
('DT0036', 'QT0013', 'P0006', 5, 1000, 1),
('DT0037', 'QT0013', 'P0003', 3, 800, 1),
('DT0038', 'QT0014', 'P0120', 5, 600, 1),
('DT0039', 'QT0014', 'P0009', 5, 39, 1),
('DT0040', 'QT0014', 'P0019', 5, 500, 1),
('DT0041', 'QT0015', 'P0002', 4, NULL, 1),
('DT0042', 'QT0015', 'P0017', 1, NULL, 1),
('DT0043', 'QT0016', 'P0006', 5, NULL, 1),
('DT0044', 'QT0016', 'P0011', 5, 47, 1),
('DT0045', 'QT0016', 'P0167', 5, NULL, 1),
('DT0046', 'QT0017', 'P0001', 1, NULL, 1),
('DT0047', 'QT0018', 'P0001', 1, NULL, 1),
('DT0048', 'QT0019', 'P0001', 1, NULL, 1),
('DT0049', 'QT0020', 'P0001', 1, NULL, 1),
('DT0050', 'QT0021', 'P0001', 1, NULL, 1),
('DT0051', 'QT0022', 'P0001', 1, NULL, 1),
('DT0052', 'QT0023', 'P0001', 1, NULL, 1),
('DT0053', 'QT0024', 'P0001', 1, NULL, 1),
('DT0054', 'QT0025', 'P0001', 1, NULL, 1),
('DT0055', 'QT0026', 'P0001', 1, NULL, 1),
('DT0056', 'QT0027', 'P0001', 1, NULL, 1),
('DT0057', 'QT0028', 'P0001', 1, NULL, 1),
('DT0058', 'QT0029', 'P0001', 1, NULL, 1),
('DT0059', 'QT0030', 'P0001', 1, NULL, 1),
('DT0060', 'QT0031', 'P0001', 1, NULL, 1),
('DT0061', 'QT0032', 'P0001', 1, 674561, 1),
('DT0062', 'QT0033', 'P0120', 10, NULL, 1),
('DT0063', 'QT0033', 'P0001', 10, NULL, 1),
('DT0064', 'QT0033', 'P0018', 5, NULL, 1),
('DT0065', 'QT0034', 'P0001', 1, NULL, 1),
('DT0066', 'QT0035', 'P0001', 1, NULL, 1),
('DT0067', 'QT0036', 'P0001', 1, NULL, 1),
('DT0068', 'QT0037', 'P0001', 1, NULL, 1),
('DT0069', 'QT0038', 'P0001', 1, NULL, 1),
('DT0070', 'QT0039', 'P0001', 1, NULL, 1),
('DT0071', 'QT0040', 'P0001', 1, NULL, 1),
('DT0072', 'QT0041', 'P0001', 1, NULL, 1),
('DT0073', 'QT0042', 'P0001', 1, NULL, 1),
('DT0074', 'QT0043', 'P0001', 1, NULL, 1),
('DT0075', 'QT0044', 'P0001', 1, NULL, 1),
('DT0076', 'QT0045', 'P0001', 1, NULL, 1),
('DT0077', 'QT0046', 'P0001', 1, NULL, 1),
('DT0078', 'QT0047', 'P0001', 1, NULL, 1),
('DT0079', 'QT0048', 'P0001', 1, NULL, 1),
('DT0080', 'QT0049', 'P0001', 1, 124357, 1),
('DT0081', 'QT0050', 'P0101', 5, NULL, 1),
('DT0082', 'QT0050', 'P0007', 20, 29, 1),
('DT0083', 'QT0050', 'P0112', 4, NULL, 1),
('DT0084', 'QT0051', 'P0001', 1, NULL, 1),
('DT0085', 'QT0051', 'P0010', 4, 43, 1),
('DT0086', 'QT0051', 'P0208', 3, NULL, 1),
('DT0087', 'QT0052', 'P0189', 3, 13260, 1),
('DT0088', 'QT0053', 'P0001', 1, NULL, 1),
('DT0089', 'QT0053', 'P0010', 4, 43, 1),
('DT0090', 'QT0053', 'P0208', 3, NULL, 1);

-- --------------------------------------------------------

--
-- Table structure for table `evidences`
--

CREATE TABLE `evidences` (
  `eID` varchar(50) NOT NULL,
  `oID` varchar(50) NOT NULL,
  `cID` varchar(50) NOT NULL,
  `eImg` varchar(45) NOT NULL,
  `timestamp` timestamp NOT NULL DEFAULT current_timestamp()
) ENGINE=InnoDB DEFAULT CHARSET=utf8;

--
-- Dumping data for table `evidences`
--

INSERT INTO `evidences` (`eID`, `oID`, `cID`, `eImg`, `timestamp`) VALUES
('EV0001', 'QT0001', '3', 'slip.jpg', '2021-03-18 09:31:21'),
('EV0002', 'QT0003', '3', 'slip.jpg', '2021-03-18 09:31:34'),
('EV0003', 'QT0007', '3', 'slip.jpg', '2021-03-18 09:36:30'),
('EV0004', 'QT0032', '4', 'slip.jpg', '2021-03-18 09:50:31'),
('EV0005', 'QT0049', '5', 'slip.jpg', '2021-03-18 09:59:20'),
('EV0006', 'QT0052', '6', 'slip.jpg', '2021-03-18 10:11:18');

-- --------------------------------------------------------

--
-- Table structure for table `group`
--

CREATE TABLE `group` (
  `gID` varchar(50) NOT NULL,
  `gName` varchar(45) DEFAULT NULL
) ENGINE=InnoDB DEFAULT CHARSET=utf8;

--
-- Dumping data for table `group`
--

INSERT INTO `group` (`gID`, `gName`) VALUES
('G0001', 'เกเบี้ยน+แมทเทรส'),
('G0002', 'ปูน - อิฐ - บล็อค - หินทราย'),
('G0003', 'หน้าร้าน'),
('G0004', 'PVC'),
('G0005', 'ตะแกรงเหล็ก'),
('G0006', 'เหล็กเส้น'),
('G0007', 'เหล็กรูป');

-- --------------------------------------------------------

--
-- Table structure for table `migrations`
--

CREATE TABLE `migrations` (
  `id` int(10) UNSIGNED NOT NULL,
  `migration` varchar(255) COLLATE utf8mb4_unicode_ci NOT NULL,
  `batch` int(11) NOT NULL
) ENGINE=InnoDB DEFAULT CHARSET=utf8mb4 COLLATE=utf8mb4_unicode_ci;

--
-- Dumping data for table `migrations`
--

INSERT INTO `migrations` (`id`, `migration`, `batch`) VALUES
(1, '2014_10_12_000000_create_users_table', 1),
(2, '2014_10_12_100000_create_password_resets_table', 1),
(3, '2021_01_04_104828_create_sessions_table', 2);

-- --------------------------------------------------------

--
-- Table structure for table `orders`
--

CREATE TABLE `orders` (
  `oID` varchar(50) NOT NULL,
  `cID` varchar(50) NOT NULL,
  `oDate` date DEFAULT NULL,
  `oShipAddress` text DEFAULT NULL,
  `oShipCost` int(11) DEFAULT NULL,
  `oAmount` float DEFAULT NULL,
  `oStatus` varchar(100) NOT NULL,
  `oShipName` varchar(45) NOT NULL,
  `oShipPhone` varchar(10) NOT NULL,
  `oAmountVat` float DEFAULT NULL,
  `oVat` float DEFAULT NULL,
  `oNote` text DEFAULT NULL,
  `oDateQ` date DEFAULT NULL,
  `oAdmin` int(11) DEFAULT NULL,
  `oExp` date DEFAULT NULL
) ENGINE=InnoDB DEFAULT CHARSET=utf8;

--
-- Dumping data for table `orders`
--

INSERT INTO `orders` (`oID`, `cID`, `oDate`, `oShipAddress`, `oShipCost`, `oAmount`, `oStatus`, `oShipName`, `oShipPhone`, `oAmountVat`, `oVat`, `oNote`, `oDateQ`, `oAdmin`, `oExp`) VALUES
('QT0001', '3', '2021-03-18', '158  หมู่  4  ต. ทุ่งพร้าว  อ. แม่สะเรียง จ. แม่ฮ่องสอน', 300, 8345.79, 'คำสั่งซื้อสำเร็จแล้ว', 'มนัส คงอยู่', '0819502531', 8930, 584.21, NULL, '2021-03-18', 1, '2021-03-25'),
('QT0002', '3', '2021-03-18', '158  หมู่  4  ต. ทุ่งพร้าว  อ. แม่สะเรียง จ. แม่ฮ่องสอน', 200, 5957.94, 'รอยืนยันใบเสนอราคา', 'มนัส คงอยู่', '0819502531', 6375, 417.06, NULL, '2021-03-18', 1, '2021-03-25'),
('QT0003', '3', '2021-03-18', '158  หมู่  4  ต. ทุ่งพร้าว  อ. แม่สะเรียง จ. แม่ฮ่องสอน', 500, 12616.8, 'กำลังตรวจสอบการชำระเงิน', 'มนัส คงอยู่', '0819502531', 13500, 883.18, NULL, '2021-03-18', 1, '2021-03-25'),
('QT0004', '3', '2021-03-18', '158  หมู่  4  ต. ทุ่งพร้าว  อ. แม่สะเรียง จ. แม่ฮ่องสอน', 400, 11215, 'รอยืนยันใบเสนอราคา', 'มนัส คงอยู่', '0819502531', 12000, 785.05, NULL, '2021-03-18', 1, '2021-03-25'),
('QT0005', '3', '2021-03-18', '158  หมู่  4  ต. ทุ่งพร้าว  อ. แม่สะเรียง จ. แม่ฮ่องสอน', 200, 3929.91, 'รอยืนยันการต่อรองราคา', 'มนัส คงอยู่', '0819502531', 4205, 275.09, NULL, '2021-03-18', 1, '2021-03-25'),
('QT0006', '3', '2021-03-18', '158  หมู่  4  ต. ทุ่งพร้าว  อ. แม่สะเรียง จ. แม่ฮ่องสอน', 1000, 20560.8, 'อยู่ในระหว่างการต่อรองราคา', 'มนัส คงอยู่', '0819502531', 22000, 1439.25, NULL, '2021-03-18', 1, '2021-03-25'),
('QT0007', '3', '2021-03-18', '158  หมู่  4  ต. ทุ่งพร้าว  อ. แม่สะเรียง จ. แม่ฮ่องสอน', 1000, 10747.7, 'กำลังตรวจสอบการชำระเงิน', 'มนัส คงอยู่', '0819502531', 11500, 752.34, NULL, '2021-03-18', 1, '2021-03-25'),
('QT0008', '3', '2021-03-18', '158  หมู่  4  ต. ทุ่งพร้าว  อ. แม่สะเรียง จ. แม่ฮ่องสอน', 200, 3939.25, 'ยกเลิกคำสั่งซื้อ', 'มนัส คงอยู่', '0819502531', 4215, 275.75, NULL, '2021-03-18', 1, '2021-03-25'),
('QT0009', '3', '2021-03-18', '158  หมู่  4  ต. ทุ่งพร้าว  อ. แม่สะเรียง จ. แม่ฮ่องสอน', 300, 1121.5, 'อยู่ในระหว่างการต่อรองราคา', 'มนัส คงอยู่', '0819502531', 1200, 78.5, NULL, '2021-03-18', 1, '2021-03-25'),
('QT0010', '3', '2021-03-18', '158  หมู่  4  ต. ทุ่งพร้าว  อ. แม่สะเรียง จ. แม่ฮ่องสอน', 1000, 11028, 'รอชำระเงิน', 'มนัส คงอยู่', '0819502531', 11800, 771.96, NULL, '2021-03-18', 1, '2021-03-25'),
('QT0011', '3', '2021-03-18', '158  หมู่  4  ต. ทุ่งพร้าว  อ. แม่สะเรียง จ. แม่ฮ่องสอน', 500, 6074.77, 'อยู่ในระหว่างการต่อรองราคา', 'มนัส คงอยู่', '0819502531', 6500, 425.23, NULL, '2021-03-18', 1, '2021-03-25'),
('QT0012', '3', '2021-03-18', '158  หมู่  4  ต. ทุ่งพร้าว  อ. แม่สะเรียง จ. แม่ฮ่องสอน', 300, 7009.35, 'รอชำระเงิน', 'มนัส คงอยู่', '0819502531', 7500, 490.65, NULL, '2021-03-18', 1, '2021-03-25'),
('QT0013', '3', '2021-03-18', '158  หมู่  4  ต. ทุ่งพร้าว  อ. แม่สะเรียง จ. แม่ฮ่องสอน', 300, 6915.89, 'รอยืนยันใบเสนอราคา', 'มนัส คงอยู่', '0819502531', 7400, 484.11, NULL, '2021-03-18', 1, '2021-03-25'),
('QT0014', '3', '2021-03-18', '158  หมู่  4  ต. ทุ่งพร้าว  อ. แม่สะเรียง จ. แม่ฮ่องสอน', 500, 5322.43, 'อยู่ในระหว่างการต่อรองราคา', 'มนัส คงอยู่', '0819502531', 5695, 372.57, NULL, '2021-03-18', 1, '2021-03-25'),
('QT0015', '3', '2021-03-01', '158  หมู่  4  ต. ทุ่งพร้าว  อ. แม่สะเรียง จ. แม่ฮ่องสอน', NULL, NULL, 'หมดอายุ', 'มนัส คงอยู่', '0819502531', NULL, NULL, NULL, NULL, NULL, '2021-03-08'),
('QT0016', '3', '2021-03-18', '158  หมู่  4  ต. ทุ่งพร้าว  อ. แม่สะเรียง จ. แม่ฮ่องสอน', NULL, NULL, 'อยู่ในระหว่างการขอใบเสนอราคา', 'มนัส คงอยู่', '0819502531', NULL, NULL, NULL, NULL, NULL, '2022-03-18'),
('QT0017', '4', '2021-03-18', '14 หมู่ 3  ต.แม่นะ อ.เชียงดาว จ.เชียงใหม่', NULL, NULL, 'คำสั่งซื้อสำเร็จแล้ว', 'ธนภัทร รุ่งเรือง', '0818835576', NULL, NULL, NULL, NULL, NULL, '2022-03-18'),
('QT0018', '4', '2021-03-18', '14 หมู่ 3  ต.แม่นะ อ.เชียงดาว จ.เชียงใหม่', NULL, NULL, 'คำสั่งซื้อสำเร็จแล้ว', 'ธนภัทร รุ่งเรือง', '0818835576', NULL, NULL, NULL, NULL, NULL, '2022-03-18'),
('QT0019', '4', '2021-03-18', '14 หมู่ 3  ต.แม่นะ อ.เชียงดาว จ.เชียงใหม่', NULL, NULL, 'คำสั่งซื้อสำเร็จแล้ว', 'ธนภัทร รุ่งเรือง', '0818835576', NULL, NULL, NULL, NULL, NULL, '2022-03-18'),
('QT0020', '4', '2021-03-18', '14 หมู่ 3  ต.แม่นะ อ.เชียงดาว จ.เชียงใหม่', NULL, NULL, 'คำสั่งซื้อสำเร็จแล้ว', 'ธนภัทร รุ่งเรือง', '0818835576', NULL, NULL, NULL, NULL, NULL, '2022-03-18'),
('QT0021', '4', '2021-03-18', '14 หมู่ 3  ต.แม่นะ อ.เชียงดาว จ.เชียงใหม่', NULL, NULL, 'คำสั่งซื้อสำเร็จแล้ว', 'ธนภัทร รุ่งเรือง', '0818835576', NULL, NULL, NULL, NULL, NULL, '2022-03-18'),
('QT0022', '4', '2021-03-18', '14 หมู่ 3  ต.แม่นะ อ.เชียงดาว จ.เชียงใหม่', NULL, NULL, 'คำสั่งซื้อสำเร็จแล้ว', 'ธนภัทร รุ่งเรือง', '0818835576', NULL, NULL, NULL, NULL, NULL, '2022-03-18'),
('QT0023', '4', '2021-03-18', '14 หมู่ 3  ต.แม่นะ อ.เชียงดาว จ.เชียงใหม่', NULL, NULL, 'คำสั่งซื้อสำเร็จแล้ว', 'ธนภัทร รุ่งเรือง', '0818835576', NULL, NULL, NULL, NULL, NULL, '2022-03-18'),
('QT0024', '4', '2021-03-18', '14 หมู่ 3  ต.แม่นะ อ.เชียงดาว จ.เชียงใหม่', NULL, NULL, 'คำสั่งซื้อสำเร็จแล้ว', 'ธนภัทร รุ่งเรือง', '0818835576', NULL, NULL, NULL, NULL, NULL, '2022-03-18'),
('QT0025', '4', '2021-03-18', '14 หมู่ 3  ต.แม่นะ อ.เชียงดาว จ.เชียงใหม่', NULL, NULL, 'คำสั่งซื้อสำเร็จแล้ว', 'ธนภัทร รุ่งเรือง', '0818835576', NULL, NULL, NULL, NULL, NULL, '2022-03-18'),
('QT0026', '4', '2021-03-18', '14 หมู่ 3  ต.แม่นะ อ.เชียงดาว จ.เชียงใหม่', NULL, NULL, 'คำสั่งซื้อสำเร็จแล้ว', 'ธนภัทร รุ่งเรือง', '0818835576', NULL, NULL, NULL, NULL, NULL, '2022-03-18'),
('QT0027', '4', '2021-03-18', '14 หมู่ 3  ต.แม่นะ อ.เชียงดาว จ.เชียงใหม่', NULL, NULL, 'คำสั่งซื้อสำเร็จแล้ว', 'ธนภัทร รุ่งเรือง', '0818835576', NULL, NULL, NULL, NULL, NULL, '2022-03-18'),
('QT0028', '4', '2021-03-18', '14 หมู่ 3  ต.แม่นะ อ.เชียงดาว จ.เชียงใหม่', NULL, NULL, 'คำสั่งซื้อสำเร็จแล้ว', 'ธนภัทร รุ่งเรือง', '0818835576', NULL, NULL, NULL, NULL, NULL, '2022-03-18'),
('QT0029', '4', '2021-03-18', '14 หมู่ 3  ต.แม่นะ อ.เชียงดาว จ.เชียงใหม่', NULL, NULL, 'คำสั่งซื้อสำเร็จแล้ว', 'ธนภัทร รุ่งเรือง', '0818835576', NULL, NULL, NULL, NULL, NULL, '2022-03-18'),
('QT0030', '4', '2021-03-18', '14 หมู่ 3  ต.แม่นะ อ.เชียงดาว จ.เชียงใหม่', NULL, NULL, 'คำสั่งซื้อสำเร็จแล้ว', 'ธนภัทร รุ่งเรือง', '0818835576', NULL, NULL, NULL, NULL, NULL, '2022-03-18'),
('QT0031', '4', '2021-03-18', '14 หมู่ 3  ต.แม่นะ อ.เชียงดาว จ.เชียงใหม่', NULL, NULL, 'คำสั่งซื้อสำเร็จแล้ว', 'ธนภัทร รุ่งเรือง', '0818835576', NULL, NULL, NULL, NULL, NULL, '2022-03-18'),
('QT0032', '4', '2021-03-18', '14 หมู่ 3  ต.แม่นะ อ.เชียงดาว จ.เชียงใหม่', 400, 630431, 'คำสั่งซื้อสำเร็จแล้ว', 'ธนภัทร รุ่งเรือง', '0818835576', 674561, 44130.2, NULL, '2021-03-18', 1, '2021-03-25'),
('QT0033', '4', '2021-03-18', '14 หมู่ 3  ต.แม่นะ อ.เชียงดาว จ.เชียงใหม่', NULL, NULL, 'อยู่ในระหว่างการขอใบเสนอราคา', 'ธนภัทร รุ่งเรือง', '0818835576', NULL, NULL, NULL, NULL, NULL, '2022-03-18'),
('QT0034', '5', '2021-03-18', '44/2  ซอย 14  หมู่ 2  ต. ท่าศาลา  อ. เมือง จ. เชียงใหม่', NULL, NULL, 'คำสั่งซื้อสำเร็จแล้ว', 'ทวีศักดิ์ ดวงแก้ว', '0818820526', NULL, NULL, NULL, NULL, NULL, '2022-03-18'),
('QT0035', '5', '2021-03-18', '44/2  ซอย 14  หมู่ 2  ต. ท่าศาลา  อ. เมือง จ. เชียงใหม่', NULL, NULL, 'คำสั่งซื้อสำเร็จแล้ว', 'ทวีศักดิ์ ดวงแก้ว', '0818820526', NULL, NULL, NULL, NULL, NULL, '2022-03-18'),
('QT0036', '5', '2021-03-18', '44/2  ซอย 14  หมู่ 2  ต. ท่าศาลา  อ. เมือง จ. เชียงใหม่', NULL, NULL, 'คำสั่งซื้อสำเร็จแล้ว', 'ทวีศักดิ์ ดวงแก้ว', '0818820526', NULL, NULL, NULL, NULL, NULL, '2022-03-18'),
('QT0037', '5', '2021-03-18', '44/2  ซอย 14  หมู่ 2  ต. ท่าศาลา  อ. เมือง จ. เชียงใหม่', NULL, NULL, 'คำสั่งซื้อสำเร็จแล้ว', 'ทวีศักดิ์ ดวงแก้ว', '0818820526', NULL, NULL, NULL, NULL, NULL, '2022-03-18'),
('QT0038', '5', '2021-03-18', '44/2  ซอย 14  หมู่ 2  ต. ท่าศาลา  อ. เมือง จ. เชียงใหม่', NULL, NULL, 'คำสั่งซื้อสำเร็จแล้ว', 'ทวีศักดิ์ ดวงแก้ว', '0818820526', NULL, NULL, NULL, NULL, NULL, '2022-03-18'),
('QT0039', '5', '2021-03-18', '44/2  ซอย 14  หมู่ 2  ต. ท่าศาลา  อ. เมือง จ. เชียงใหม่', NULL, NULL, 'คำสั่งซื้อสำเร็จแล้ว', 'ทวีศักดิ์ ดวงแก้ว', '0818820526', NULL, NULL, NULL, NULL, NULL, '2022-03-18'),
('QT0040', '5', '2021-03-18', '44/2  ซอย 14  หมู่ 2  ต. ท่าศาลา  อ. เมือง จ. เชียงใหม่', NULL, NULL, 'คำสั่งซื้อสำเร็จแล้ว', 'ทวีศักดิ์ ดวงแก้ว', '0818820526', NULL, NULL, NULL, NULL, NULL, '2022-03-18'),
('QT0041', '5', '2021-03-18', '44/2  ซอย 14  หมู่ 2  ต. ท่าศาลา  อ. เมือง จ. เชียงใหม่', NULL, NULL, 'คำสั่งซื้อสำเร็จแล้ว', 'ทวีศักดิ์ ดวงแก้ว', '0818820526', NULL, NULL, NULL, NULL, NULL, '2022-03-18'),
('QT0042', '5', '2021-03-18', '44/2  ซอย 14  หมู่ 2  ต. ท่าศาลา  อ. เมือง จ. เชียงใหม่', NULL, NULL, 'หมดอายุ', 'ทวีศักดิ์ ดวงแก้ว', '0818820526', NULL, NULL, NULL, NULL, NULL, '0000-00-00'),
('QT0043', '5', '2021-03-18', '44/2  ซอย 14  หมู่ 2  ต. ท่าศาลา  อ. เมือง จ. เชียงใหม่', NULL, NULL, 'คำสั่งซื้อสำเร็จแล้ว', 'ทวีศักดิ์ ดวงแก้ว', '0818820526', NULL, NULL, NULL, NULL, NULL, '2022-03-18'),
('QT0044', '5', '2021-03-18', '44/2  ซอย 14  หมู่ 2  ต. ท่าศาลา  อ. เมือง จ. เชียงใหม่', NULL, NULL, 'คำสั่งซื้อสำเร็จแล้ว', 'ทวีศักดิ์ ดวงแก้ว', '0818820526', NULL, NULL, NULL, NULL, NULL, '2022-03-18'),
('QT0045', '5', '2021-03-18', '44/2  ซอย 14  หมู่ 2  ต. ท่าศาลา  อ. เมือง จ. เชียงใหม่', NULL, NULL, 'คำสั่งซื้อสำเร็จแล้ว', 'ทวีศักดิ์ ดวงแก้ว', '0818820526', NULL, NULL, NULL, NULL, NULL, '2022-03-18'),
('QT0046', '5', '2021-03-18', '44/2  ซอย 14  หมู่ 2  ต. ท่าศาลา  อ. เมือง จ. เชียงใหม่', NULL, NULL, 'คำสั่งซื้อสำเร็จแล้ว', 'ทวีศักดิ์ ดวงแก้ว', '0818820526', NULL, NULL, NULL, NULL, NULL, '2022-03-18'),
('QT0047', '5', '2021-03-18', '44/2  ซอย 14  หมู่ 2  ต. ท่าศาลา  อ. เมือง จ. เชียงใหม่', NULL, NULL, 'คำสั่งซื้อสำเร็จแล้ว', 'ทวีศักดิ์ ดวงแก้ว', '0818820526', NULL, NULL, NULL, NULL, NULL, '2022-03-18'),
('QT0048', '5', '2021-03-18', '44/2  ซอย 14  หมู่ 2  ต. ท่าศาลา  อ. เมือง จ. เชียงใหม่', NULL, NULL, 'คำสั่งซื้อสำเร็จแล้ว', 'ทวีศักดิ์ ดวงแก้ว', '0818820526', NULL, NULL, NULL, NULL, NULL, '2022-03-18'),
('QT0049', '5', '2021-03-18', '44/2  ซอย 14  หมู่ 2  ต. ท่าศาลา  อ. เมือง จ. เชียงใหม่', 400, 116222, 'คำสั่งซื้อสำเร็จแล้ว', 'ทวีศักดิ์ ดวงแก้ว', '0818820526', 124357, 8135.5, NULL, '2021-03-18', 1, '2021-03-25'),
('QT0050', '5', '2021-03-18', '44/2  ซอย 14  หมู่ 2  ต. ท่าศาลา  อ. เมือง จ. เชียงใหม่', NULL, NULL, 'อยู่ในระหว่างการขอใบเสนอราคา', 'ทวีศักดิ์ ดวงแก้ว', '0818820526', NULL, NULL, NULL, NULL, NULL, '2022-03-18'),
('QT0051', '6', '2021-03-18', '4/11 ชั้น 7 อาคารนวรัฐ  ถ.แก้วนวรัฐ ซอย 3 ต.วัดเกต อ.เมือง จ. เชียงใหม่', NULL, NULL, 'คำสั่งซื้อสำเร็จแล้ว', 'ร่มฉัตร สุขเกษม', '053248816', NULL, NULL, NULL, NULL, NULL, '2022-03-18'),
('QT0052', '6', '2021-03-18', '4/11 ชั้น 7 อาคารนวรัฐ  ถ.แก้วนวรัฐ ซอย 3 ต.วัดเกต อ.เมือง จ. เชียงใหม่', 400, 37177.6, 'คำสั่งซื้อสำเร็จแล้ว', 'ร่มฉัตร สุขเกษม', '053248816', 39780, 2602.43, NULL, '2021-03-18', 1, '2021-03-25'),
('QT0053', '6', '2021-03-18', '4/11 ชั้น 7 อาคารนวรัฐ  ถ.แก้วนวรัฐ ซอย 3 ต.วัดเกต อ.เมือง จ. เชียงใหม่', NULL, NULL, 'อยู่ในระหว่างการขอใบเสนอราคา', 'ร่มฉัตร สุขเกษม', '053248816', NULL, NULL, NULL, NULL, NULL, '2022-03-18');

-- --------------------------------------------------------

--
-- Table structure for table `password_resets`
--

CREATE TABLE `password_resets` (
  `email` varchar(255) COLLATE utf8mb4_unicode_ci NOT NULL,
  `token` varchar(255) COLLATE utf8mb4_unicode_ci NOT NULL,
  `created_at` timestamp NULL DEFAULT NULL
) ENGINE=InnoDB DEFAULT CHARSET=utf8mb4 COLLATE=utf8mb4_unicode_ci;

-- --------------------------------------------------------

--
-- Table structure for table `products`
--

CREATE TABLE `products` (
  `pID` varchar(50) NOT NULL,
  `tID` varchar(50) NOT NULL,
  `pSize` varchar(45) DEFAULT 'ไม่มีขนาด',
  `pThick` varchar(45) DEFAULT 'ไม่มีความหนา',
  `pWeight` varchar(45) DEFAULT 'ไม่มีน้ำหนัก',
  `pBrand` varchar(45) DEFAULT 'ไม่มีแบรนด์',
  `pUnit` varchar(45) DEFAULT 'ไม่มี',
  `pPerUnit` varchar(45) DEFAULT 'ไม่มี',
  `pPrice` int(11) DEFAULT NULL
) ENGINE=InnoDB DEFAULT CHARSET=utf8;

--
-- Dumping data for table `products`
--

INSERT INTO `products` (`pID`, `tID`, `pSize`, `pThick`, `pWeight`, `pBrand`, `pUnit`, `pPerUnit`, `pPrice`) VALUES
('P0001', 'T0001', '1 x 1 x 0.5 ม.', '8 x 10 ซม.   (ลวดชุบบาง)    (เขียว-แดง-แดง)', '7.5 +/-', 'ไม่มีแบรนด์', 'กล่อง', 'ไม่มี', NULL),
('P0002', 'T0001', '1 x 1 x 0.5 ม.', '10 x 12 ซม. (แดง-ฟ้า)', '9.0 +/-', 'ไทยไวร์ริ่ง', 'กล่อง', 'ไม่มี', NULL),
('P0003', 'T0002', '1 x 2 x 0.5 มม.', '10 x 12 ซม. ', 'ไม่มีน้ำหนัก', 'ไม่มีแบรนด์', 'กล่อง', 'ไม่มี', NULL),
('P0004', 'T0003', '1 x 2 x 0.3 ม.', '6 x 8 ซม.  (ลวดชุบบาง)   (ส้ม-ม่วง)', '9.0 +/-', 'ไม่มีแบรนด์', 'กล่อง', 'ไม่มี', NULL),
('P0005', 'T0003', '2 x 3 x 0.3 ม.', '6 x 8 ซม.  (ลวดชุบบาง)', 'ไม่มีน้ำหนัก', 'ไม่มีแบรนด์', 'กล่อง', 'ไม่มี', NULL),
('P0006', 'T0004', '2 x 4 x 0.3 มม.', '6 x 8 ซม.', 'ไม่มีน้ำหนัก', 'ไม่มีแบรนด์', 'กล่อง', 'ไม่มี', NULL),
('P0007', 'T0005', '4 x 100 ม.', 'ไม่มีความหนา', 'ไม่มีน้ำหนัก', 'ไม่มีแบรนด์', 'ตร.ม.', 'ไม่มี', 29),
('P0008', 'T0006', '4 x 100 ม.', 'ไม่มีความหนา', 'ไม่มีน้ำหนัก', 'ไม่มีแบรนด์', 'ตร.ม.', 'ไม่มี', 32),
('P0009', 'T0007', '4 x 225 ม.', 'ไม่มีความหนา', 'ไม่มีน้ำหนัก', 'ไม่มีแบรนด์', 'ตร.ม.', 'ไม่มี', 39),
('P0010', 'T0008', '4 x 175 ม.', 'ไม่มีความหนา', 'ไม่มีน้ำหนัก', 'ไม่มีแบรนด์', 'ตร.ม.', 'ไม่มี', 43),
('P0011', 'T0009', 'ไม่มีความหนา', 'ไม่มีความหนา', 'ไม่มีน้ำหนัก', 'ไม่มีแบรนด์', 'กก.', 'ไม่มี', 47),
('P0012', 'T0010', '50 กก.', 'ไม่มีความหนา', 'ไม่มีน้ำหนัก', 'ช้าง (ช้างแดง)', 'ถุง', 'ไม่มี', 155),
('P0013', 'T0010', '50 กก.', 'ไม่มีความหนา', 'ไม่มีน้ำหนัก', 'อินทรี (เพชรพลัส)', 'ถุง', 'ไม่มี', 147),
('P0014', 'T0011', '50 กก.', 'ไม่มีความหนา', 'ไม่มีน้ำหนัก', 'เสือ ซุปเปอร์', 'ถุง', 'ไม่มี', 125),
('P0015', 'T0012', 'ไม่มีขนาด', 'ไม่มีความหนา', 'ไม่มีน้ำหนัก', 'ไม่มีแบรนด์', 'ก้อน', 'ไม่มี', NULL),
('P0016', 'T0013', '6 ซม.', 'ไม่มีความหนา', 'ไม่มีน้ำหนัก', 'ไม่มีแบรนด์', 'ก้อน', 'ไม่มี', NULL),
('P0017', 'T0014', '3/4\"', 'ไม่มีความหนา', 'ไม่มีน้ำหนัก', 'ไม่มีแบรนด์', 'ลำ', 'ไม่มี', NULL),
('P0018', 'T0014', '3/4\"', 'ไม่มีความหนา', 'ไม่มีน้ำหนัก', 'ไม่มีแบรนด์', 'กระสอบ', 'ไม่มี', NULL),
('P0019', 'T0015', 'หยาบ', 'ไม่มีความหนา', 'ไม่มีน้ำหนัก', 'ไม่มีแบรนด์', 'กระสอบ', 'ไม่มี', NULL),
('P0020', 'T0015', 'หยาบ', 'ไม่มีความหนา', 'ไม่มีน้ำหนัก', 'ไม่มีแบรนด์', 'ลำ', 'ไม่มี', NULL),
('P0021', 'T0016', 'ไนล่อน (ดำ) ขนาด 200 ลิตร', 'ไม่มีความหนา', 'ไม่มีน้ำหนัก', 'ไม่มีแบรนด์', 'ใบ', 'ไม่มี', 650),
('P0022', 'T0016', 'PVC สีดำ ISA', 'ไม่มีความหนา', 'ไม่มีน้ำหนัก', 'ไม่มีแบรนด์', 'ใบ', 'ไม่มี', 50),
('P0023', 'T0017', 'สามเหลี่ยมปาดปูน (ยาว 1.80 เมตร)', 'ไม่มีความหนา', 'ไม่มีน้ำหนัก', 'ไม่มีแบรนด์', 'อัน', 'ไม่มี', 199),
('P0024', 'T0018', 'คอนกรีต', 'JORDAN 1/8 x 4', 'ไม่มีน้ำหนัก', 'ไม่มีแบรนด์', 'ดอก', 'ไม่มี', 70),
('P0025', 'T0018', 'คอนกรีต', 'JORDAN 5/32 x 4', 'ไม่มีน้ำหนัก', 'ไม่มีแบรนด์', 'ดอก', 'ไม่มี', 70),
('P0026', 'T0019', 'หงอน', 'ด้ามไฟเบอร์SOLO 327-27 มม. (ด้ามสั้น)', 'ไม่มีน้ำหนัก', 'ไม่มีแบรนด์', 'อัน', 'ไม่มี', 290),
('P0027', 'T0019', 'ยาง', 'HACHI(8 oz.)', 'ไม่มีน้ำหนัก', 'ไม่มีแบรนด์', 'อัน', 'ไม่มี', 69),
('P0028', 'T0020', 'ORBIT #OO', 'ไม่มีความหนา', 'ไม่มีน้ำหนัก', 'ไม่มีแบรนด์', 'ตัว', 'ไม่มี', 12),
('P0029', 'T0021', '10 มม.', 'ไม่มีความหนา', 'ไม่มีน้ำหนัก', 'ไม่มีแบรนด์', 'ตัว', 'ไม่มี', 25),
('P0030', 'T0022', 'HACHi 5 เมตร', 'ไม่มีความหนา', 'ไม่มีน้ำหนัก', 'ไม่มีแบรนด์', 'อัน', 'ไม่มี', 129),
('P0031', 'T0022', 'HACHI 3 เมตร', 'ไม่มีความหนา', 'ไม่มีน้ำหนัก', 'ไม่มีแบรนด์', 'อัน', 'ไม่มี', 99),
('P0032', 'T0023', '30 เมตร', 'ไม่มีความหนา', 'ไม่มีน้ำหนัก', 'ไม่มีแบรนด์', 'อัน', 'ไม่มี', 299),
('P0033', 'T0023', '50 เมตร', 'ไม่มีความหนา', 'ไม่มีน้ำหนัก', 'ไม่มีแบรนด์', 'อัน', 'ไม่มี', 429),
('P0034', 'T0024', '3/4', 'ไม่มีความหนา', 'ไม่มีน้ำหนัก', 'ไม่มีแบรนด์', 'อัน', 'ไม่มี', 80),
('P0035', 'T0025', 'ใยยักษ์ 6 มม.', 'ไม่มีความหนา', 'ไม่มีน้ำหนัก', 'ไม่มีแบรนด์', 'ขด', 'ไม่มี', 80),
('P0036', 'T0025', 'ใยยักษ์ 6 มม.', 'ไม่มีความหนา', 'ไม่มีน้ำหนัก', 'ไม่มีแบรนด์', 'ม้วน', 'ไม่มี', 600),
('P0037', 'T0025', 'ไนล่อน', '(สีเขียว) 9 มม.', 'ไม่มีน้ำหนัก', 'ไม่มีแบรนด์', 'ขด', 'ไม่มี', 60),
('P0038', 'T0026', '6.0 มม. ', 'ไม่มีความหนา', 'ไม่มีน้ำหนัก', 'ไม่มีแบรนด์', 'เมตร', 'ไม่มี', 3000),
('P0039', 'T0026', '6.0 มม. ', 'ไม่มีความหนา', 'ไม่มีน้ำหนัก', 'ไม่มีแบรนด์', 'ม้วน', '1 เมตร', 18),
('P0040', 'T0027', 'ญี่ปุ่น 2-1/2', 'ไม่มีความหนา', 'ไม่มีน้ำหนัก', 'ไม่มีแบรนด์', 'ไม่มี', 'ไม่มี', NULL),
('P0041', 'T0028', '#6204 2RS SCM, TAM, AMT', 'ไม่มีความหนา', 'ไม่มีน้ำหนัก', 'ไม่มีแบรนด์', 'ไม่มี', 'ไม่มี', NULL),
('P0042', 'T0028', '#6304 TAM ZZ, 2RSI ฝาปิดเหล็ก+ยาง', 'ไม่มีความหนา', 'ไม่มีน้ำหนัก', 'ไม่มีแบรนด์', 'ไม่มี', 'ไม่มี', NULL),
('P0043', 'T0029', '3\"', 'ไม่มีความหนา', 'ไม่มีน้ำหนัก', 'ตราม้า', 'ไม่มี', 'ไม่มี', NULL),
('P0044', 'T0030', '14\" LG-PRO LP-PT-83501 2000W', 'ไม่มีความหนา', 'ไม่มีน้ำหนัก', 'ไม่มีแบรนด์', 'ไม่มี', 'ไม่มี', NULL),
('P0045', 'T0031', 'ไม่มีขนาด', 'ไม่มีความหนา', 'ไม่มีน้ำหนัก', 'HAFELE', 'ไม่มี', 'ไม่มี', NULL),
('P0046', 'T0032', 'สแตนเลส', 'ไม่มีความหนา', 'ไม่มีน้ำหนัก', 'Yale', 'ไม่มี', 'ไม่มี', NULL),
('P0047', 'T0032', 'สแตนเลส', 'ไม่มีความหนา', 'ไม่มีน้ำหนัก', 'HAFELE', 'ไม่มี', 'ไม่มี', NULL),
('P0048', 'T0032', 'สแตนเลส', 'ไม่มีความหนา', 'ไม่มีน้ำหนัก', 'HOBOY', 'ไม่มี', 'ไม่มี', NULL),
('P0049', 'T0033', '2 ที่', 'ไม่มีความหนา', 'ไม่มีน้ำหนัก', 'ไม่มีแบรนด์', 'ไม่มี', 'ไม่มี', NULL),
('P0050', 'T0033', '3 ที่', 'ไม่มีความหนา', 'ไม่มีน้ำหนัก', 'ไม่มีแบรนด์', 'ไม่มี', 'ไม่มี', NULL),
('P0051', 'T0034', '1-1/4\"', 'ไม่มีความหนา', 'ไม่มีน้ำหนัก', 'ไม่มีแบรนด์', 'ไม่มี', 'ไม่มี', NULL),
('P0052', 'T0034', '2-1/2\"', 'ไม่มีความหนา', 'ไม่มีน้ำหนัก', 'ไม่มีแบรนด์', 'ไม่มี', 'ไม่มี', NULL),
('P0053', 'T0035', 'สปริงทองเหลือง 25 มม.', 'ไม่มีความหนา', 'ไม่มีน้ำหนัก', 'ISEO', 'ไม่มี', 'ไม่มี', NULL),
('P0054', 'T0035', 'สปริงทองเหลือง 32 มม.', 'ไม่มีความหนา', 'ไม่มีน้ำหนัก', 'ISEO', 'ไม่มี', 'ไม่มี', NULL),
('P0055', 'T0035', 'สปริงทองเหลือง 32 L มม.', 'ไม่มีความหนา', 'ไม่มีน้ำหนัก', 'ISEO', 'ไม่มี', 'ไม่มี', NULL),
('P0056', 'T0035', 'สปริงทองเหลือง 38 L มม.', 'ไม่มีความหนา', 'ไม่มีน้ำหนัก', 'ISEO', 'ไม่มี', 'ไม่มี', NULL),
('P0057', 'T0036', 'ทาสี ด้ามขาว 4\"', 'ไม่มีความหนา', 'ไม่มีน้ำหนัก', 'JSS', 'ไม่มี', 'ไม่มี', NULL),
('P0058', 'T0036', 'แปรงลูกกลิ้ง 7\"', 'ไม่มีความหนา', 'ไม่มีน้ำหนัก', 'ไม่มีแบรนด์', 'ไม่มี', 'ไม่มี', NULL),
('P0059', 'T0036', 'แปรงลูกกลิ้ง 10\"', 'ไม่มีความหนา', 'ไม่มีน้ำหนัก', 'ไม่มีแบรนด์', 'ไม่มี', 'ไม่มี', NULL),
('P0060', 'T0037', 'SL-112', 'ไม่มีความหนา', 'ไม่มีน้ำหนัก', 'SOLO', 'ไม่มี', 'ไม่มี', NULL),
('P0061', 'T0037', 'SLW-713G (บน)', 'ไม่มีความหนา', 'ไม่มีน้ำหนัก', 'SOLO', 'ไม่มี', 'ไม่มี', NULL),
('P0062', 'T0038', 'กระเบื้อง 4\"', 'ไม่มีความหนา', 'ไม่มีน้ำหนัก', 'ไม่มีแบรนด์', 'ไม่มี', 'ไม่มี', NULL),
('P0063', 'T0039', 'กลม', 'MAJESTA 4 #24', 'ไม่มีน้ำหนัก', 'ไม่มีแบรนด์', 'ไม่มี', 'ไม่มี', NULL),
('P0064', 'T0039', 'กลม', 'MAJESTA 4 #36', 'ไม่มีน้ำหนัก', 'ไม่มีแบรนด์', 'ไม่มี', 'ไม่มี', NULL),
('P0065', 'T0039', 'กลม', 'MAJESTA 4 #40', 'ไม่มีน้ำหนัก', 'ไม่มีแบรนด์', 'ไม่มี', 'ไม่มี', NULL),
('P0066', 'T0040', 'KORI (3Pcs) แกน 1.25', 'ไม่มีความหนา', 'ไม่มีน้ำหนัก', 'ไม่มีแบรนด์', 'ไม่มี', 'ไม่มี', NULL),
('P0067', 'T0041', 'กลม 5.5 มม.', 'ไม่มีความหนา', 'ไม่มีน้ำหนัก', 'ม้าลอดห่วง', 'ไม่มี', 'ไม่มี', NULL),
('P0068', 'T0041', '3 เหลี่ยม + ด้าม 4 ผอม', 'ไม่มีความหนา', 'ไม่มีน้ำหนัก', 'ตราตะไบ T', 'ไม่มี', 'ไม่มี', NULL),
('P0069', 'T0042', '1-1/2\" (ชุบซิงค์)', 'ไม่มีความหนา', 'ไม่มีน้ำหนัก', 'ไม่มีแบรนด์', 'ล้อ', 'ไม่มี', NULL),
('P0070', 'T0042', '1-1/2\" (ชุบซิงค์)', 'ไม่มีความหนา', 'ไม่มีน้ำหนัก', 'ไม่มีแบรนด์', 'ชุด', '4 ล้อ', NULL),
('P0071', 'T0042', '2\" (ชุบซิงค์)', 'ไม่มีความหนา', 'ไม่มีน้ำหนัก', 'ไม่มีแบรนด์', 'ล้อ', 'ไม่มี', NULL),
('P0072', 'T0042', '2\" (ชุบซิงค์)', 'ไม่มีความหนา', 'ไม่มีน้ำหนัก', 'ไม่มีแบรนด์', 'ชุด', '4 ล้อ', NULL),
('P0073', 'T0043', '1-1/2\" (ชุบซิงค์)', 'ไม่มีความหนา', 'ไม่มีน้ำหนัก', 'ไม่มีแบรนด์', 'ล้อ', 'ไม่มี', NULL),
('P0074', 'T0043', 'ไม่มีขนาด', 'ไม่มีความหนา', 'ไม่มีน้ำหนัก', 'ไม่มีแบรนด์', 'ชุด', '4 ล้อ', NULL),
('P0075', 'T0043', '2\" (ชุบซิงค์)', 'ไม่มีความหนา', 'ไม่มีน้ำหนัก', 'ไม่มีแบรนด์', 'ล้อ', 'ไม่มี', NULL),
('P0076', 'T0043', '2\" (ชุบซิงค์)', 'ไม่มีความหนา', 'ไม่มีน้ำหนัก', 'ไม่มีแบรนด์', 'ชุด', '4 ล้อ', NULL),
('P0077', 'T0044', 'มีเนียม 5 ชั้น (สวมใน) 1/2\"', 'ไม่มีความหนา', 'ไม่มีน้ำหนัก', 'ไม่มีแบรนด์', 'ไม่มี', 'ไม่มี', NULL),
('P0078', 'T0044', 'มีเนียม 5 ชั้น (สวมใน) 3/4\"', 'ไม่มีความหนา', 'ไม่มีน้ำหนัก', 'ไม่มีแบรนด์', 'ไม่มี', 'ไม่มี', NULL),
('P0079', 'T0045', 'ขารองเหล็กฉากทำชั้น', 'ไม่มีความหนา', 'ไม่มีน้ำหนัก', 'ไม่มีแบรนด์', 'ไม่มี', 'ไม่มี', NULL),
('P0080', 'T0046', 'สนาม', '1/2\"', 'ไม่มีน้ำหนัก', 'SANWA ', 'ไม่มี', 'ไม่มี', NULL),
('P0081', 'T0046', 'ซิงค์', 'VR (ก้านปัด) รุ่นผนัง (พร้อมเทปพันเกลียว)', 'ไม่มีน้ำหนัก', 'ไม่มีแบรนด์', 'ไม่มี', 'ไม่มี', NULL),
('P0082', 'T0046', 'ซิงค์', 'VR (ก้านปัด) รุ่นยืน (พร้อมเทปพันเกลียว)', 'ไม่มีน้ำหนัก', 'ไม่มีแบรนด์', 'ไม่มี', 'ไม่มี', NULL),
('P0083', 'T0047', 'Spec 1 สแตนเลสแท้ ยุโรปหัวลึก 18 ( 45 ซม.)', 'ไม่มีความหนา', 'ไม่มีน้ำหนัก', 'ไม่มีแบรนด์', 'ไม่มี', 'ไม่มี', NULL),
('P0084', 'T0047', 'Spec 1 สแตนเลสแท้ ยุโรปหัวลึก 20 ( 50 ซม.)', 'ไม่มีความหนา', 'ไม่มีน้ำหนัก', 'ไม่มีแบรนด์', 'ไม่มี', 'ไม่มี', NULL),
('P0085', 'T0048', '(#13) ขาว', 'ไม่มีความหนา', 'ไม่มีน้ำหนัก', 'ไม่มีแบรนด์', 'ไม่มี', 'ไม่มี', NULL),
('P0086', 'T0048', '(#21) เทาเข้ม', 'ไม่มีความหนา', 'ไม่มีน้ำหนัก', 'ไม่มีแบรนด์', 'ไม่มี', 'ไม่มี', NULL),
('P0087', 'T0049', 'รุ่น betterplus (BP -227/เนื้อไม้)', 'ไม่มีความหนา', 'ไม่มีน้ำหนัก', 'Pheonic', 'ไม่มี', 'ไม่มี', NULL),
('P0088', 'T0049', 'รุ่น betterplus (BP -227/แดงอ่อน)', 'ไม่มีความหนา', 'ไม่มีน้ำหนัก', 'Pheonic ', 'ไม่มี', 'ไม่มี', NULL),
('P0089', 'T0050', 'วงเดือน', 'M 4\" x 24 T', 'ไม่มีน้ำหนัก', 'ไม่มีแบรนด์', 'ไม่มี', 'ไม่มี', NULL),
('P0090', 'T0050', 'วงเดือน', 'M 4\" x 30 T', 'ไม่มีน้ำหนัก', 'ไม่มีแบรนด์', 'ไม่มี', 'ไม่มี', NULL),
('P0091', 'T0050', 'วงเดือน', 'M 7\" x 30 T', 'ไม่มีน้ำหนัก', 'ไม่มีแบรนด์', 'ไม่มี', 'ไม่มี', NULL),
('P0092', 'T0051', 'บัว 4\"', 'ไม่มีความหนา', 'ไม่มีน้ำหนัก', 'ไม่มีแบรนด์', 'ไม่มี', 'ไม่มี', NULL),
('P0093', 'T0052', 'หน้า 8\" x 3  เมตร', 'ไม่มีความหนา', 'ไม่มีน้ำหนัก', 'ตราช้าง (สีซีเมนต์)', 'ไม่มี', 'ไม่มี', NULL),
('P0094', 'T0052', 'ทิมเบอร์', '15x300x0.8 ซม. (สีซีเมนต์)', 'ไม่มีน้ำหนัก', 'ไม่มีแบรนด์', 'ไม่มี', 'ไม่มี', NULL),
('P0095', 'T0052', 'ทิมเบอร์', '15x400x0.8 ซม. (สีซีเมนต์)', 'ไม่มีน้ำหนัก', 'ไม่มีแบรนด์', 'ไม่มี', 'ไม่มี', NULL),
('P0096', 'T0053', 'วันพีช 23x300x2.4 ซม. (สีซีเมนต์)', 'ไม่มีความหนา', 'ไม่มีน้ำหนัก', 'ไม่มีแบรนด์', 'ไม่มี', 'ไม่มี', NULL),
('P0097', 'T0053', '15x400x1.6 ซม. (สีรองพื้น)', 'ไม่มีความหนา', 'ไม่มีน้ำหนัก', 'ไม่มีแบรนด์', 'ไม่มี', 'ไม่มี', NULL),
('P0098', 'T0054', '8\"', 'ชั้น 8.5 (ปลายบาน)', 'ไม่มีน้ำหนัก', 'ไม่มีแบรนด์', 'ไม่มี', 'ไม่มี', NULL),
('P0099', 'T0054', '6\"', 'ชั้น 5(ปลายเรียบ)', 'ไม่มีน้ำหนัก', 'ไม่มีแบรนด์', 'ไม่มี', 'ไม่มี', NULL),
('P0100', 'T0054', '6\"', 'ชั้น 5 (ปลายบาน)', 'ไม่มีน้ำหนัก', 'ไม่มีแบรนด์', 'ไม่มี', 'ไม่มี', NULL),
('P0101', 'T0055', '1/2\" ', '(ปลายเรียบ)', 'ไม่มีน้ำหนัก', 'ไม่มีแบรนด์', '', 'ไม่มี', NULL),
('P0102', 'T0056', '6\"', 'ไม่มีความหนา', 'ไม่มีน้ำหนัก', 'ไม่มีแบรนด์', '', 'ไม่มี', NULL),
('P0103', 'T0056', '4\"', 'ไม่มีความหนา', 'ไม่มีน้ำหนัก', 'ไม่มีแบรนด์', '', 'ไม่มี', NULL),
('P0104', 'T0056', '3\"', 'ไม่มีความหนา', 'ไม่มีน้ำหนัก', 'ไม่มีแบรนด์', '', 'ไม่มี', NULL),
('P0105', 'T0057', '15 x 15 ซม.', '2.0 x 5.0 ม.', '30.00', 'ไม่มีแบรนด์', 'ตร.ม.', 'ไม่มี', NULL),
('P0106', 'T0057', '15 x 15 ซม.', '2.0 x 5.0 ม.', '30.00', 'ไม่มีแบรนด์', 'แผ่น', '10 ตร.ม.', NULL),
('P0107', 'T0057', '20 x 20 ซม.', '2.0 x 5.0 ม.', '22.50', 'ไม่มีแบรนด์', 'ตร.ม.', 'ไม่มี', NULL),
('P0108', 'T0057', '20 x 20 ซม.', '2.0 x 5.0 ม.', '22.50', 'ไม่มีแบรนด์', 'แผ่น', '10 ตร.ม.', NULL),
('P0109', 'T0057', '25 x 25 ซม.', '2.0 x 5.0 ม.', '18.00', 'ไม่มีแบรนด์', 'ตร.ม.', 'ไม่มี', NULL),
('P0110', 'T0057', '25 x 25 ซม.', '2.0 x 5.0 ม.', '18.00', 'ไม่มีแบรนด์', 'แผ่น', '10 ตร.ม.', NULL),
('P0111', 'T0058', '30 x 30 ซม.', '2.0 x 50 ม.  ', '107.00', 'ไม่มีแบรนด์', 'ตร.ม.', 'ไม่มี', NULL),
('P0112', 'T0058', '30 x 30 ซม.', '2.0 x 50 ม.  ', '107.00', 'ไม่มีแบรนด์', 'ม้วน', '100 ตร.ม.', NULL),
('P0113', 'T0058', '30 x 30 ซม.', '2.4 x 50 ม.  ', '128.50', 'ไม่มีแบรนด์', 'ตร.ม.', 'ไม่มี', NULL),
('P0114', 'T0058', '30 x 30 ซม.', '2.4 x 50 ม.  ', '128.50', 'ไม่มีแบรนด์', 'ม้วน', '120 ตร.ม.', NULL),
('P0115', 'T0058', '30 x 30 ซม.', '2.9 x 50 ม.  ', '155.00', 'ไม่มีแบรนด์', 'ตร.ม.', 'ไม่มี', NULL),
('P0116', 'T0058', '30 x 30 ซม.', '2.9 x 50 ม.  ', '155.00', 'ไม่มีแบรนด์', 'ม้วน', '145 ตร.ม.', NULL),
('P0117', 'T0058', '30 x 30 ซม.', '3.9 x 50 ม.  ', '208.50', 'ไม่มีแบรนด์', 'ตร.ม.', 'ไม่มี', NULL),
('P0118', 'T0058', '30 x 30 ซม.', '3.9 x 50 ม.  ', '208.50', 'ไม่มีแบรนด์', 'ม้วน', '195 ตร.ม.', NULL),
('P0119', 'T0059', '10 x 30 ซม.', '2.0 x 50 ม.', '132.00', 'ไม่มีแบรนด์', 'ตร.ม.', 'ไม่มี', NULL),
('P0120', 'T0059', '10 x 30 ซม.', '2.0 x 50 ม.', '132.00', 'ไม่มีแบรนด์', 'ม้วน', '100 ตร.ม.', NULL),
('P0121', 'T0059', '10 x 30 ซม.', '2.4 x 50 ม.', '158.00', 'ไม่มีแบรนด์', 'ตร.ม.', 'ไม่มี', NULL),
('P0122', 'T0059', '10 x 30 ซม.', '2.4 x 50 ม.', '158.00', 'ไม่มีแบรนด์', 'ม้วน', '120 ตร.ม.', NULL),
('P0123', 'T0060', '10 x 30 ซม.', '2.0 x 50 ม.', '119.00', 'ไม่มีแบรนด์', 'ตร.ม.', 'ไม่มี', NULL),
('P0124', 'T0060', '10 x 30 ซม.', '2.0 x 50 ม.', '119.00', 'ไม่มีแบรนด์', 'ม้วน', '100 ตร.ม.', NULL),
('P0125', 'T0060', '10 x 30 ซม.', '2.4 x 50 ม.', '143.00', 'ไม่มีแบรนด์', 'ตร.ม.', 'ไม่มี', NULL),
('P0126', 'T0060', '10 x 30 ซม.', '2.4 x 50 ม.', '143.00', 'ไม่มีแบรนด์', 'ม้วน', '120 ตร.ม.', NULL),
('P0127', 'T0060', '20 x 20 ซม.', '2.0 x 50 ม.', '89.00', 'ไม่มีแบรนด์', 'ตร.ม.', 'ไม่', NULL),
('P0128', 'T0060', '20 x 20 ซม.', '2.0 x 50 ม.', '89.00', 'ไม่มีแบรนด์', 'ม้วน', '100 ตร.ม.', NULL),
('P0129', 'T0060', '20 x 20 ซม.', '2.4 x 50 ม.', '107.00', 'ไม่มีแบรนด์', 'ตร.ม.', 'ไม่มี', NULL),
('P0130', 'T0060', '20 x 20 ซม.', '2.4 x 50 ม.', '107.00', 'ไม่มีแบรนด์', 'ม้วน', '120 ตร.ม.', NULL),
('P0131', 'T0060', '20 x 20 ซม.', '2.9 x 50 ม.', '129.00', 'ไม่มีแบรนด์', 'ตร.ม.', 'ไม่มี', NULL),
('P0132', 'T0060', '20 x 20 ซม.', '2.9 x 50 ม.', '129.00', 'ไม่มีแบรนด์', 'ม้วน', '145 ตร.ม.', NULL),
('P0133', 'T0061', '10 x 30 ซม.', '2.0 x 50 ม.', '95.00', 'ไม่มีแบรนด์', 'ตร.ม.', 'ไม่มี', NULL),
('P0134', 'T0061', '10 x 30 ซม.', '2.0 x 50 ม.', '95.00', 'ไม่มีแบรนด์', 'ม้วน', '100 ตร.ม.', NULL),
('P0135', 'T0062', '20 x 20 ซม.', '2.0 x 50 ม.', '80.00', 'ไม่มีแบรนด์', 'ตร.ม.', 'ไม่มี', NULL),
('P0136', 'T0062', '20 x 20 ซม.', '2.0 x 50 ม.', '80.00', 'ไม่มีแบรนด์', 'ม้วน', '100 ตร.ม.', NULL),
('P0137', 'T0063', '20 x 20 ซม.', '2.0 x 50 ม. ', '63.50', 'ไม่มีแบรนด์', 'ตร.ม.', 'ไม่มี', NULL),
('P0138', 'T0063', '20 x 20 ซม.', '2.0 x 50 ม. ', '63.50', 'ไม่มีแบรนด์', 'ม้วน', '100 ตร.ม.', NULL),
('P0139', 'T0064', '20 x 20 ซม.', '2.0 x 25 ม.', '21.00', 'ไม่มีแบรนด์', 'ตร.ม.', 'ไม่มี', NULL),
('P0140', 'T0064', '20 x 20 ซม.', '2.0 x 25 ม.', '21.00', 'ไม่มีแบรนด์', 'ม้วน', '50 ตร.ม.', NULL),
('P0141', 'T0065', '20 x 20 ซม.', '2.0 x 5.0 ม.', '22.50', 'ไม่มีแบรนด์', 'ตร.ม.', 'ไม่มี', NULL),
('P0142', 'T0065', '20 x 20 ซม.', '2.0 x 5.0 ม.', '22.50', 'ไม่มีแบรนด์', 'ม้วน', '10 ตร.ม.', NULL),
('P0143', 'T0067', '20 x 20 ซม.', '2.0 x 50 ม.', '99.00', 'ไม่มีแบรนด์', 'ตร.ม.', 'ไม่มี', NULL),
('P0144', 'T0067', '20 x 20 ซม.', '2.0 x 50 ม.', '99.00', 'ไม่มีแบรนด์', 'ม้วน', '100 ตร.ม.', NULL),
('P0145', 'T0067', '20 x 20 ซม.', '2.4 x 50 ม.', '119.00', 'ไม่มีแบรนด์', 'ตร.ม.', 'ไม่มี', NULL),
('P0146', 'T0067', '20 x 20 ซม.', '2.4 x 50 ม.', '119.00', 'ไม่มีแบรนด์', 'ม้วน', '120 ตร.ม.', NULL),
('P0147', 'T0067', '20 x 20 ซม.', '2.4 x 50 ม.', '119.00', 'ไม่มีแบรนด์', 'ตร.ม.', 'ไม่มี', NULL),
('P0148', 'T0067', '20 x 20 ซม.', '2.4 x 50 ม.', '119.00', 'ไม่มีแบรนด์', 'ม้วน', '120 ตร.ม.', NULL),
('P0149', 'T0067', '20 x 20 ซม.', '2.9 x 50 ม.', '143.00', 'ไม่มีแบรนด์', 'ตร.ม.', 'ไม่มี', NULL),
('P0150', 'T0067', '20 x 20 ซม.', '2.9 x 50 ม.', '143.00', 'ไม่มีแบรนด์', 'ม้วน', '145 ตร.ม.', NULL),
('P0151', 'T0067', '25 x 25 ซม.', '2.0 x 50 ม.', '79.00', 'ไม่มีแบรนด์', 'ตร.ม.', 'ไม่มี', NULL),
('P0152', 'T0067', '25 x 25 ซม.', '2.0 x 50 ม.', '79.00', 'ไม่มีแบรนด์', 'ม้วน', '100 ตร.ม.', NULL),
('P0153', 'T0067', '25 x 25 ซม.', '2.0 x 50 ม.', '79.00', 'ไม่มีแบรนด์', 'ตร.ม.', 'ไม่มี', NULL),
('P0154', 'T0067', '25 x 25 ซม.', '2.0 x 50 ม.', '79.00', 'ไม่มีแบรนด์', 'ม้วน', '100 ตร.ม.', NULL),
('P0155', 'T0067', '25 x 25 ซม.', '2.4 x 50 ม.', '95.00', 'ไม่มีแบรนด์', 'ตร.ม.', 'ไม่มี', NULL),
('P0156', 'T0067', '25 x 25 ซม.', '2.4 x 50 ม.', '95.00', 'ไม่มีแบรนด์', 'ม้วน', '120 ตร.ม.', NULL),
('P0157', 'T0068', '20 x 20 ซม.', '2.0 x 50 ม.', '89.00', 'ไม่มีแบรนด์', 'ตร.ม.', 'ไม่มี', NULL),
('P0158', 'T0068', '20 x 20 ซม.', '2.0 x 50 ม.', '89.00', 'ไม่มีแบรนด์', 'ม้วน', '100 ตร.ม.', NULL),
('P0159', 'T0068', '20 x 20 ซม.', '2.4 x 50 ม.', '107.00', 'ไม่มีแบรนด์', 'ตร.ม.', 'ไม่มี', NULL),
('P0160', 'T0068', '20 x 20 ซม.', '2.4 x 50 ม.', '107.00', 'ไม่มีแบรนด์', 'ม้วน', '120 ตร.ม.', NULL),
('P0161', 'T0068', '20 x 20 ซม.', '2.9 x 50 ม.', '129.00', 'ไม่มีแบรนด์', 'ตร.ม.', 'ไม่มี', NULL),
('P0162', 'T0068', '20 x 20 ซม.', '2.9 x 50 ม.', '129.00', 'ไม่มีแบรนด์', 'ม้วน', '145 ตร.ม.', NULL),
('P0163', 'T0069', '4.0 x 4.0 มม. ยาว 30 เมตร', 'ไม่มีความหนา', '8.00', 'ไม่มีแบรนด์', 'ไม่มี', 'ม้วน', NULL),
('P0164', 'T0069', '3.2 x 3.2 มม. ยาว 30 เมตร', 'ไม่มีความหนา', '6.00', 'ไม่มีแบรนด์', 'ไม่มี', 'ม้วน', NULL),
('P0165', 'T0069', '3.2 x 3.2 มม. ยาว 50 เมตร', 'ไม่มีความหนา', '8.00', 'ไม่มีแบรนด์', 'ไม่มี', 'ม้วน', NULL),
('P0166', 'T0070', 'ยาว 9.0 เมตร (0.7 +/-)  (เหลือง)', 'ไม่มีความหนา', '0.45 - 0.55', 'ไม่มีแบรนด์', 'เส้น', 'ไม่มี', NULL),
('P0167', 'T0070', '4.5 มม. ยาว 9.0 ม. (1.2 +/-) (ชมพู)', 'ไม่มีความหนา', '1.2 - 1.3', 'ไม่มีแบรนด์', 'เส้น', 'ไม่มี', NULL),
('P0168', 'T0070', '5.5 มม. ยาว 8.0 ม. (1.5 +/-) (แดง)', 'ไม่มีความหนา', '1.5 - 1.55', 'ไม่มีแบรนด์', 'เส้น', 'ไม่มี', NULL),
('P0169', 'T0071', '6 มม. x 10 ม.  (พับ) ', '(ขาว-แดง)', '2.22', 'RSM/ZUBB', 'เส้น', 'ไม่มี', NULL),
('P0170', 'T0071', '6 มม. x 10 ม.  (พับ)', '(ทอง)', '2.22', 'TATA', 'เส้น', 'ไม่มี', NULL),
('P0171', 'T0071', '8 มม. x 10 ม.  (พับ)', 'โรงเล็ก  (แดง)', '3.8 - 3.9', 'ไม่มีแบรนด์', 'เส้น', 'ไม่มี', NULL),
('P0172', 'T0071', '9 มม. x 10 ม.  (พับ)', 'โรงเล็ก  (ม่วง)', '4.45 - 4.6', 'ไม่มีแบรนด์', 'เส้น', 'ไม่มี', NULL),
('P0173', 'T0071', '9 มม. x 10 ม.  (พับ)', '(ขาว-แดง)', '4.99', 'MILL/ZUBB', 'เส้น', 'ไม่มี', NULL),
('P0174', 'T0071', '9 มม. x 10 ม.  (พับ)', '(ทอง)', '4.99', 'TATA', 'เส้น', 'ไม่มี', NULL),
('P0175', 'T0071', '12 มม. x 10 ม.  (พับ)', '(ขาว-แดง)', '8.88', 'ZUBB/TSC', 'เส้น', 'ไม่มี', NULL),
('P0176', 'T0071', '15 มม. x 10 ม.  (พับ)', '(ขาว-แดง)', '13.87', 'ZUBB/TSC', 'เส้น', 'ไม่มี', NULL),
('P0177', 'T0071', '15 มม. x 10 ม.  (พับ)', '(ทอง)', '13.87', 'TATA', 'เส้น', 'ไม่มี', NULL),
('P0178', 'T0071', '19 มม. x 10 ม.  (พับ)', '(ขาว-แดง)', '22.26', 'ZUBB/TSC', 'เส้น', 'ไม่มี', NULL),
('P0179', 'T0071', '19 มม. x 10 ม.  (พับ)', '(ทอง)', '22.26', 'TATA', 'เส้น', 'ไม่มี', NULL),
('P0180', 'T0071', '25 มม. x 10 ม.  (พับ)', '(ขาว-แดง)', '38.53', 'ZUBB/TSC ', 'เส้น', 'ไม่มี', NULL),
('P0181', 'T0071', '6 มม. x 10 ม.  (พับ)', '(ขาว-แดง)', '2.22', 'RSM/ZUBB', 'มัด', '400 เส้น', NULL),
('P0182', 'T0071', '6 มม. x 10 ม.  (พับ)', '(ทอง)', '2.22', 'TATA', 'มัด', '500 เส้น', NULL),
('P0183', 'T0071', '8 มม. x 10 ม.  (พับ)', 'โรงเล็ก  (แดง)', '3.8 - 3.9', 'ไม่มีแบรนด์', 'มัด', '200 เส้น', NULL),
('P0184', 'T0071', '9 มม. x 10 ม.  (พับ)', 'โรงเล็ก  (ม่วง)', '4.45 - 4.6', 'ไม่มีแบรนด์', 'มัด', '200 เส้น', NULL),
('P0185', 'T0071', '9 มม. x 10 ม.  (พับ)', '(ขาว-แดง)', '4.99', 'MILL/ZUBB', 'มัด', '200 เส้น', NULL),
('P0186', 'T0071', '9 มม. x 10 ม.  (พับ)', '(ทอง)', '4.99', 'TATA', 'มัด', '200 เส้น', NULL),
('P0187', 'T0071', '12 มม. x 10 ม.  (พับ)', '(ขาว-แดง)', '8.88', 'ZUBB/TSC', 'มัด', '100 เส้น', NULL),
('P0188', 'T0071', '12 มม. x 10 ม.  (พับ)', '(ทอง)', '8.88', 'TATA', 'มัด', '100 เส้น', NULL),
('P0189', 'T0072', '10 มม. x 10 ม.  (พับ)', '(ชมพู-ขาว // เขียว-ขาว)', '6.16', 'ZUBB', 'เส้น', 'ไม่มี', NULL),
('P0190', 'T0073', '12 มม. x 10 ม.  (พับ)', 'โรงเล็ก  (ส้ม)', '8.3 - 8.5', 'ไม่มีแบรนด์', 'เส้น', 'ไม่มี', NULL),
('P0191', 'T0072', '12 มม. x 10 ม.  (พับ)', '(ชมพู-ขาว)', '8.88', 'SKY', 'เส้น', 'ไม่มี', NULL),
('P0192', 'T0072', '12 มม. x 10 ม.  (พับ)', '(ขาว-แดง)', '8.88', 'Mill/ZUBB', 'เส้น', 'ไม่มี', NULL),
('P0193', 'T0072', '12 มม. x 10 ม.  (พับ)', '(ทอง)', '8.88', 'TATA', 'เส้น', 'ไม่มี', NULL),
('P0194', 'T0073', '16 มม. x 10 ม.  (พับ)', 'โรงเล็ก  (ฟ้า) ', '13.4 - 13.6', 'ไม่มีแบรนด์', 'เส้น', 'ไม่มี', NULL),
('P0195', 'T0072', '16 มม. x 10 ม.  (พับ)', '(ชมพู-ขาว)', '15.78', 'SKY', 'เส้น', 'ไม่มี', NULL),
('P0196', 'T0072', '16 มม. x 10 ม.  (พับ)', '(ขาว-แดง)', '15.78', 'Mill/ZUBB', 'เส้น', 'ไม่มี', NULL),
('P0197', 'T0072', '16 มม. x 10 ม.  (พับ)', '(ทอง)', '15.78', 'TATA', 'เส้น', 'ไม่มี', NULL),
('P0198', 'T0072', '20 มม. x 10 ม.  (พับ)', '(ขาว-แดง)', '24.66', 'Mill/ZUBB', 'เส้น', 'ไม่มี', NULL),
('P0199', 'T0072', '20 มม. x 10 ม.  (พับ)', '(ทอง)', '24.66', 'TATA', 'เส้น', 'ไม่มี', NULL),
('P0200', 'T0073', '25 มม. x 10 ม.  (พับ)', 'โรงเล็ก  (ขาว)', '33.5 - 34', 'ไม่มีแบรนด์', 'เส้น', 'ไม่มี', NULL),
('P0201', 'T0072', 'ไม่มี25 มม. x 10 ม.  (พับ)', '(ขาว-แดง)', '38.530', 'Mill/ZUBB', 'เส้น', 'ไม่มี', NULL),
('P0202', 'T0072', '25 มม. x 10 ม.  (พับ)', '(ทอง)', '38.530', 'TATA', 'เส้น', 'ไม่มี', NULL),
('P0203', 'T0072', '12 มม. x 12 ม. (พับ)', 'โรงใหญ่  (ขาว-ทอง)', '10.656', 'ไม่มีแบรนด์', 'เส้น', 'ไม่มี', NULL),
('P0204', 'T0072', '16 มม. x 12 ม. (พับ)', 'โรงใหญ่  (ขาว-ทอง)', '18.936', 'ไม่มีแบรนด์', 'เส้น', 'ไม่มี', NULL),
('P0205', 'T0072', '20 มม. x 12 ม. (พับ)', 'โรงใหญ่  (ขาว-ทอง)', '29.592', 'ไม่มีแบรนด์', 'เส้น', 'ไม่มี', NULL),
('P0206', 'T0072', '25 มม. x 12 ม. (พับ)', 'โรงใหญ่  (ขาว-ทอง)', '46.236', 'ไม่มีแบรนด์', 'เส้น', 'ไม่มี', NULL),
('P0207', 'T0074', 'ขนาด 12 มม. (50 ซม.)', 'ไม่มีความหนา', 'ท่อนละ 0.444 กก.', 'ไม่มีแบรนด์', 'เส้น', 'ไม่มี', NULL),
('P0208', 'T0074', 'ขนาด 15 มม. (50 ซม.)', 'ไม่มีความหนา', 'ท่อนละ 0.6935 กก.', 'ไม่มีแบรนด์', 'เส้น', 'ไม่มี', NULL),
('P0209', 'T0074', 'ขนาด 19 มม. (50 ซม.)', 'ไม่มีความหนา', 'ท่อนละ 1.113 กก.', 'ไม่มีแบรนด์', 'เส้น', 'ไม่มี', NULL),
('P0210', 'T0074', 'ขนาด 25 มม. (50 ซม.)', 'ไม่มีความหนา', 'ท่อนละ 1.9265 กก.', 'ไม่มีแบรนด์', 'เส้น', 'ไม่มี', NULL),
('P0211', 'T0075', 'ขนาด 12 มม. (50 ซม.)', 'ไม่มีความหนา', 'ท่อนละ 0.444 กก.', 'ไม่มีแบรนด์', 'เส้น', 'ไม่มี', NULL),
('P0212', 'T0075', 'ขนาด 16 มม. (50 ซม.)', 'ไม่มีความหนา', 'ท่อนละ 0.789 กก.', 'ไม่มีแบรนด์', 'เส้น', 'ไม่มี', NULL),
('P0213', 'T0076', '12 มม. x 10 ม. (ตรง)', 'โรงใหญ่  (ขาว)', '4.990', 'ไม่มีแบรนด์', 'เส้น', 'ไม่มี', NULL),
('P0214', 'T0076', '12 มม. x 12 ม. (ตรง)', 'โรงใหญ่  (ส้ม)', '8.880', 'ไม่มีแบรนด์', 'เส้น', 'ไม่มี', NULL),
('P0215', 'T0076', '16 มม. x 10 ม. (ตรง)', 'โรงใหญ่  (ฟ้า)', '10.656', 'ไม่มีแบรนด์', 'เส้น', 'ไม่มี', NULL),
('P0216', 'T0076', '16 มม. x 12 ม. (ตรง)', 'โรงใหญ่  (แดง)', '15.780', 'ไม่มีแบรนด์', 'เส้น', 'ไม่มี', NULL),
('P0217', 'T0076', '20 มม. x 10 ม. (ตรง)', 'โรงใหญ่  (เหลือง)', '18.936', 'ไม่มีแบรนด์', 'เส้น', 'ไม่มี', NULL),
('P0218', 'T0076', '20 มม. x 12 ม. (ตรง)', 'โรงใหญ่  (ม่วง)', '24.660', 'ไม่มีแบรนด์', 'เส้น', 'ไม่มี', NULL),
('P0219', 'T0076', '25 มม. x 10 ม. (ตรง)', 'โรงใหญ่  (ทอง)', '29.592', 'ไม่มีแบรนด์', 'เส้น', 'ไม่มี', NULL),
('P0220', 'T0076', '25 มม. x 12 ม. (ตรง)', 'โรงใหญ่  (เขียว)', '38.530', 'ไม่มีแบรนด์', 'เส้น', 'ไม่มี', NULL),
('P0221', 'T0076', '28 มม. x 10 ม. (ตรง)', 'โรงใหญ่  (ชมพู)', '46.236', 'ไม่มีแบรนด์', 'เส้น', 'ไม่มี', NULL);

-- --------------------------------------------------------

--
-- Table structure for table `sessions`
--

CREATE TABLE `sessions` (
  `id` varchar(255) COLLATE utf8mb4_unicode_ci NOT NULL,
  `user_id` bigint(20) UNSIGNED DEFAULT NULL,
  `ip_address` varchar(45) COLLATE utf8mb4_unicode_ci DEFAULT NULL,
  `user_agent` text COLLATE utf8mb4_unicode_ci DEFAULT NULL,
  `payload` text COLLATE utf8mb4_unicode_ci NOT NULL,
  `last_activity` int(11) NOT NULL
) ENGINE=InnoDB DEFAULT CHARSET=utf8mb4 COLLATE=utf8mb4_unicode_ci;

--
-- Dumping data for table `sessions`
--

INSERT INTO `sessions` (`id`, `user_id`, `ip_address`, `user_agent`, `payload`, `last_activity`) VALUES
('Sm97XJL31ozPh0Umj3wa0qg7SvFrzeO8dEdzN3Rn', NULL, '::1', 'Mozilla/5.0 (Windows NT 10.0; Win64; x64) AppleWebKit/537.36 (KHTML, like Gecko) Chrome/88.0.4324.182 Safari/537.36', 'YToyOntzOjY6Il90b2tlbiI7czo0MDoiRk52VExqUW5IaDNtaWRrWm5BMjdHQUF4eXFQV2lHVW4wN0lCZ2J2SCI7czo2OiJfZmxhc2giO2E6Mjp7czozOiJvbGQiO2E6MDp7fXM6MzoibmV3IjthOjA6e319fQ==', 1614158376);

-- --------------------------------------------------------

--
-- Table structure for table `status`
--

CREATE TABLE `status` (
  `status` varchar(100) NOT NULL
) ENGINE=InnoDB DEFAULT CHARSET=utf8;

--
-- Dumping data for table `status`
--

INSERT INTO `status` (`status`) VALUES
('กำลังตรวจสอบการชำระเงิน'),
('คำสั่งซื้อสำเร็จแล้ว'),
('ยกเลิกคำสั่งซื้อ'),
('รอชำระเงิน'),
('รอยืนยันการต่อรองราคา'),
('รอยืนยันใบเสนอราคา'),
('หมดอายุ'),
('อยู่ในระหว่างการขอใบเสนอราคา'),
('อยู่ในระหว่างการต่อรองราคา');

-- --------------------------------------------------------

--
-- Table structure for table `tier`
--

CREATE TABLE `tier` (
  `tierID` varchar(50) NOT NULL,
  `tierName` text NOT NULL
) ENGINE=InnoDB DEFAULT CHARSET=utf8mb4;

--
-- Dumping data for table `tier`
--

INSERT INTO `tier` (`tierID`, `tierName`) VALUES
('1', 'ลูกค้า VIP'),
('2', 'ลูกค้าประจำ'),
('3', 'ลูกค้าใหม่'),
('4', 'ลูกค้าทั่วไป');

-- --------------------------------------------------------

--
-- Table structure for table `type`
--

CREATE TABLE `type` (
  `tID` varchar(50) NOT NULL,
  `caID` varchar(50) NOT NULL,
  `tName` varchar(45) NOT NULL,
  `tImg` varchar(100) DEFAULT 'default.jpg',
  `info` varchar(500) DEFAULT 'ไม่มีข้อมูล',
  `technicInfo` varchar(500) DEFAULT 'ไม่มีข้อมูล',
  `tHavePrice` tinyint(4) NOT NULL DEFAULT 0
) ENGINE=InnoDB DEFAULT CHARSET=utf8;

--
-- Dumping data for table `type`
--

INSERT INTO `type` (`tID`, `caID`, `tName`, `tImg`, `info`, `technicInfo`, `tHavePrice`) VALUES
('T0001', 'C0001', 'เกเบี้ยน (3.4 / 2.7 / 2.2 มม.)', '0001.jpg', 'ไม่มีข้อมูล', 'ไม่มีข้อมูล', 0),
('T0002', 'C0001', 'เกเบี้ยน (โครง PVC)', '0001.jpg', 'ไม่มีข้อมูล', 'ไม่มีข้อมูล', 0),
('T0003', 'C0002', 'แมทเทรส  (2.7 / 2.2 / 2.2 มม.)', '0001.jpg', 'ไม่มีข้อมูล', 'ไม่มีข้อมูล', 0),
('T0004', 'C0002', 'แมทเทรส (โครง PVC)', '0001.jpg', 'ไม่มีข้อมูล', 'ไม่มีข้อมูล', 0),
('T0005', 'C0003', 'ผ้าใยสังเคราะห์ 200 กรัม (รุ่นถูก)', '0005.jpg', 'ไม่มีข้อมูล', 'ไม่มีข้อมูล', 1),
('T0006', 'C0003', 'ผ้าใยสังเคราะห์ 140 กรัม  (PS140)', '0005.jpg', 'ไม่มีข้อมูล', 'ไม่มีข้อมูล', 1),
('T0007', 'C0003', 'ผ้าใยสังเคราะห์ 155 กรัม (TS30)', '0005.jpg', 'ไม่มีข้อมูล', 'ไม่มีข้อมูล', 1),
('T0008', 'C0003', 'ผ้าใยสังเคราะห์ 200 กรัม (TS50)', '0005.jpg', 'ไม่มีข้อมูล', 'ไม่มีข้อมูล', 1),
('T0009', 'C0004', 'ลวดพัน  (2.2 มม.)', '35.jpg', 'ไม่มีข้อมูล', 'ไม่มีข้อมูล', 1),
('T0010', 'C0005', 'ปูนปอร์ตแลนด์', 'scg.jpg', 'ไม่มีข้อมูล', 'ไม่มีข้อมูล', 1),
('T0011', 'C0005', 'ปูนก่อ ฉาบ เท', 'hyichk.jpg', 'ไม่มีข้อมูล', 'ไม่มีข้อมูล', 1),
('T0012', 'C0006', 'อิฐมอญ-ก้อนใหญ่', '267094-1.jpg', 'ไม่มีข้อมูล', 'ไม่มีข้อมูล', 0),
('T0013', 'C0006', 'บล็อคโปร่ง', '234606.jpg', 'ไม่มีข้อมูล', 'ไม่มีข้อมูล', 0),
('T0014', 'C0007', 'หิน', '0007.jpg', 'ไม่มีข้อมูล', 'ไม่มีข้อมูล', 0),
('T0015', 'C0007', 'ทราย', '0015.jpg', 'ไม่มีข้อมูล', 'ไม่มีข้อมูล', 0),
('T0016', 'C0008', 'อ่างเปลผสมปูน', '10044271_BAI_1200_1.jpg', 'ไม่มีข้อมูล', 'ไม่มีข้อมูล', 1),
('T0017', 'C0008', 'เกียง', '0017.jpg', 'ไม่มีข้อมูล', 'ไม่มีข้อมูล', 1),
('T0018', 'C0009', 'ดอกสว่าน', 'j58wh0.jpg', 'ไม่มีข้อมูล', 'ไม่มีข้อมูล', 1),
('T0019', 'C0009', 'ค้อน', 'wxn3jv.jpg', 'ไม่มีข้อมูล', 'ไม่มีข้อมูล', 1),
('T0020', 'C0010', 'กิ๊ปรัดท่อ', '0020.jpg', 'ไม่มีข้อมูล', 'ไม่มีข้อมูล', 1),
('T0021', 'C0010', 'สเก็นเหล็กเหนียว', '0021.jpg', 'ไม่มีข้อมูล', 'ไม่มีข้อมูล', 1),
('T0022', 'C0011', 'ตลับเมตร', 'unnamed (1).jpg', 'ไม่มีข้อมูล', 'ไม่มีข้อมูล', 1),
('T0023', 'C0011', 'สายวัดไฟเบอร์', '0023.jpg', 'ไม่มีข้อมูล', 'ไม่มีข้อมูล', 1),
('T0024', 'C0012', 'รอกดำ', '7559a6e38bb.jpg', 'ไม่มีข้อมูล', 'ไม่มีข้อมูล', 1),
('T0025', 'C0012', 'เชือก', '0025.jpg', 'ไม่มีข้อมูล', 'ไม่มีข้อมูล', 1),
('T0026', 'C0012', 'ลวดสลิงไส้เชือก', '8xl09m.jpg', 'ไม่มีข้อมูล', 'ไม่มีข้อมูล', 1),
('T0027', 'C0013', 'ล้อร่องกลม', '0027.jpg', 'ไม่มีข้อมูล', 'ไม่มีข้อมูล', 0),
('T0028', 'C0013', 'ลูกปืนรถเข็น', '0028.jpg', 'ไม่มีข้อมูล', 'ไม่มีข้อมูล', 0),
('T0029', 'C0013', 'ล้อยางเป็น', '0029.jpg', 'ไม่มีข้อมูล', 'ไม่มีข้อมูล', 0),
('T0030', 'C0014', 'แท่นตัดไฟเบอร์', '0030.jpg', 'ไม่มีข้อมูล', 'ไม่มีข้อมูล', 0),
('T0031', 'C0015', 'ตาแมว', '0031.jpg', 'ไม่มีข้อมูล', 'ไม่มีข้อมูล', 0),
('T0032', 'C0015', 'ลูกบิด', '911_64_258_D01.jpg', 'ไม่มีข้อมูล', 'ไม่มีข้อมูล', 0),
('T0033', 'C0016', 'ปลั๊กลอย', '0033.jpg', 'ไม่มีข้อมูล', 'ไม่มีข้อมูล', 0),
('T0034', 'C0015', 'บานพับถอดได้', '926_27_603_D01.jpg', 'ไม่มีข้อมูล', 'ไม่มีข้อมูล', 0),
('T0035', 'C0015', 'กุญแจ', '0035.jpg', 'ไม่มีข้อมูล', 'ไม่มีข้อมูล', 0),
('T0036', 'C0017', 'แปรง', '0036.jpg', 'ไม่มีข้อมูล', 'ไม่มีข้อมูล', 0),
('T0037', 'C0017', 'กาพ่นสี', '0037.jpg', 'ไม่มีข้อมูล', 'ไม่มีข้อมูล', 0),
('T0038', 'C0018', 'แผ่นตัด', '0038.jpg', 'ไม่มีข้อมูล', 'ไม่มีข้อมูล', 0),
('T0039', 'C0019', 'กระดาษทราย', 'Imperial_Sandpaper.jpg', 'ไม่มีข้อมูล', 'ไม่มีข้อมูล', 0),
('T0040', 'C0019', 'จานดูดกระดาษทรายแปะ ', '0040.jpg', 'ไม่มีข้อมูล', 'ไม่มีข้อมูล', 0),
('T0041', 'C0019', 'ตะไบ', 'fe7c191b11047.jpg', 'ไม่มีข้อมูล', 'ไม่มีข้อมูล', 0),
('T0042', 'C0020', 'ล้อยางแป้น', '0042.jpg', 'ไม่มีข้อมูล', 'ไม่มีข้อมูล', 0),
('T0043', 'C0020', 'ล้อเหล็กแป้น', '0043.jpg', 'ไม่มีข้อมูล', 'ไม่มีข้อมูล', 0),
('T0044', 'C0021', 'หัวเสาธง', '0044.jpg', 'ไม่มีข้อมูล', 'ไม่มีข้อมูล', 0),
('T0045', 'C0021', 'ขารอง', '0045.jpg', 'ไม่มีข้อมูล', 'ไม่มีข้อมูล', 0),
('T0046', 'C0022', 'ก๊อก', '0046.jpg', 'ไม่มีข้อมูล', 'ไม่มีข้อมูล', 0),
('T0047', 'C0022', 'สายน้ำดี', '0047.jpg', 'ไม่มีข้อมูล', 'ไม่มีข้อมูล', 0),
('T0048', 'C0023', 'คิ้วกระเบื้อง', '0048.jpg', 'ไม่มีข้อมูล', 'ไม่มีข้อมูล', 0),
('T0049', 'C0023', 'ยาแนว', '0049.jpg', 'ไม่มีข้อมูล', 'ไม่มีข้อมูล', 0),
('T0050', 'C0024', 'ใบเลื่อย', 'aepower_1-570x435.jpg', 'ไม่มีข้อมูล', 'ไม่มีข้อมูล', 0),
('T0051', 'C0024', 'แผ่นเจียร์', '175172.jpg', 'ไม่มีข้อมูล', 'ไม่มีข้อมูล', 0),
('T0052', 'C0025', 'ไม้ฝา', '0052.jpg', 'ไม่มีข้อมูล', 'ไม่มีข้อมูล', 0),
('T0053', 'C0025', 'ไม้เชิงชาย', '1527219143.jpg', 'ไม่มีข้อมูล', 'ไม่มีข้อมูล', 0),
('T0054', 'C0026', 'ท่อ PVC', '67i9cg.jpg', 'ไม่มีข้อมูล', 'ไม่มีข้อมูล', 0),
('T0055', 'C0026', 'ท่อเกษตร PVC ', '7345_original.jpg', 'ไม่มีข้อมูล', 'ไม่มีข้อมูล', 0),
('T0056', 'C0026', 'ข้อต่อตรง PVC', 's33mik.jpg', 'ไม่มีข้อมูล', 'ไม่มีข้อมูล', 0),
('T0057', 'C0027', 'ตะแกรงเหล็ก (กลม) 6.0 x 6.0 มม.', 'wire_mesh.jpg', 'ตะแกรงเหล็กกล้าเชื่อมติดเสริมคอนกรีต สามารถตัดเป็นแผงหรือเป็นม้วนได้ตามต้องการ สามารถนำมาใช้แทนการผูกเหล็กเส้นธรรมดาทั่วไปได้เป็นอย่างดี ช่วยให้ประหยัดทั้งเวลาทำงานและค่าแรงงาน', 'ใช้เส้นลวดขนาดต่างๆ ตั้งแต่ 3-6 มิลลิเมตร เชื่อมอาร์คขึ้นเป็นผืนตะแกรงติดกันด้วยไฟฟ้า ทำให้จุดตัดทุกจุดหลอมละลายเป็นเนื้อเดียวกัน', 0),
('T0058', 'C0027', 'ตะแกรงเหล็ก (กลม) 6.0 x 4.0 มม.', 'wire_mesh.jpg', 'ตะแกรงเหล็กกล้าเชื่อมติดเสริมคอนกรีต สามารถตัดเป็นแผงหรือเป็นม้วนได้ตามต้องการ สามารถนำมาใช้แทนการผูกเหล็กเส้นธรรมดาทั่วไปได้เป็นอย่างดี ช่วยให้ประหยัดทั้งเวลาทำงานและค่าแรงงาน', 'ใช้เส้นลวดขนาดต่างๆ ตั้งแต่ 3-6 มิลลิเมตร เชื่อมอาร์คขึ้นเป็นผืนตะแกรงติดกันด้วยไฟฟ้า ทำให้จุดตัดทุกจุดหลอมละลายเป็นเนื้อเดียวกัน', 0),
('T0059', 'C0027', 'ตะแกรงเหล็ก (กลม) 4.0 x 4.0 มม.', 'wire_mesh.jpg', 'ตะแกรงเหล็กกล้าเชื่อมติดเสริมคอนกรีต สามารถตัดเป็นแผงหรือเป็นม้วนได้ตามต้องการ สามารถนำมาใช้แทนการผูกเหล็กเส้นธรรมดาทั่วไปได้เป็นอย่างดี ช่วยให้ประหยัดทั้งเวลาทำงานและค่าแรงงาน', 'ใช้เส้นลวดขนาดต่างๆ ตั้งแต่ 3-6 มิลลิเมตร เชื่อมอาร์คขึ้นเป็นผืนตะแกรงติดกันด้วยไฟฟ้า ทำให้จุดตัดทุกจุดหลอมละลายเป็นเนื้อเดียวกัน', 0),
('T0060', 'C0027', 'ตะแกรงเหล็ก (กลม) 3.8 x 3.8 มม.', 'wire_mesh.jpg', 'ตะแกรงเหล็กกล้าเชื่อมติดเสริมคอนกรีต สามารถตัดเป็นแผงหรือเป็นม้วนได้ตามต้องการ สามารถนำมาใช้แทนการผูกเหล็กเส้นธรรมดาทั่วไปได้เป็นอย่างดี ช่วยให้ประหยัดทั้งเวลาทำงานและค่าแรงงาน', 'ใช้เส้นลวดขนาดต่างๆ ตั้งแต่ 3-6 มิลลิเมตร เชื่อมอาร์คขึ้นเป็นผืนตะแกรงติดกันด้วยไฟฟ้า ทำให้จุดตัดทุกจุดหลอมละลายเป็นเนื้อเดียวกัน', 0),
('T0061', 'C0027', 'ตะแกรงเหล็ก (กลม) 3.4 x 3.4 มม.', 'wire_mesh.jpg', 'ตะแกรงเหล็กกล้าเชื่อมติดเสริมคอนกรีต สามารถตัดเป็นแผงหรือเป็นม้วนได้ตามต้องการ สามารถนำมาใช้แทนการผูกเหล็กเส้นธรรมดาทั่วไปได้เป็นอย่างดี ช่วยให้ประหยัดทั้งเวลาทำงานและค่าแรงงาน', 'ใช้เส้นลวดขนาดต่างๆ ตั้งแต่ 3-6 มิลลิเมตร เชื่อมอาร์คขึ้นเป็นผืนตะแกรงติดกันด้วยไฟฟ้า ทำให้จุดตัดทุกจุดหลอมละลายเป็นเนื้อเดียวกัน', 0),
('T0062', 'C0027', 'ตะแกรงเหล็ก (กลม) 3.6 x 3.6 มม.', 'wire_mesh.jpg', 'ตะแกรงเหล็กกล้าเชื่อมติดเสริมคอนกรีต สามารถตัดเป็นแผงหรือเป็นม้วนได้ตามต้องการ สามารถนำมาใช้แทนการผูกเหล็กเส้นธรรมดาทั่วไปได้เป็นอย่างดี ช่วยให้ประหยัดทั้งเวลาทำงานและค่าแรงงาน', 'ใช้เส้นลวดขนาดต่างๆ ตั้งแต่ 3-6 มิลลิเมตร เชื่อมอาร์คขึ้นเป็นผืนตะแกรงติดกันด้วยไฟฟ้า ทำให้จุดตัดทุกจุดหลอมละลายเป็นเนื้อเดียวกัน', 0),
('T0063', 'C0027', 'ตะแกรงเหล็ก (กลม) 3.2 x 3.2 มม.', 'wire_mesh.jpg', 'ตะแกรงเหล็กกล้าเชื่อมติดเสริมคอนกรีต สามารถตัดเป็นแผงหรือเป็นม้วนได้ตามต้องการ สามารถนำมาใช้แทนการผูกเหล็กเส้นธรรมดาทั่วไปได้เป็นอย่างดี ช่วยให้ประหยัดทั้งเวลาทำงานและค่าแรงงาน', 'ใช้เส้นลวดขนาดต่างๆ ตั้งแต่ 3-6 มิลลิเมตร เชื่อมอาร์คขึ้นเป็นผืนตะแกรงติดกันด้วยไฟฟ้า ทำให้จุดตัดทุกจุดหลอมละลายเป็นเนื้อเดียวกัน', 0),
('T0064', 'C0027', 'ตะแกรงเหล็ก (กลม) 2.6 x 2.6 มม.', 'wire_mesh.jpg', 'ตะแกรงเหล็กกล้าเชื่อมติดเสริมคอนกรีต สามารถตัดเป็นแผงหรือเป็นม้วนได้ตามต้องการ สามารถนำมาใช้แทนการผูกเหล็กเส้นธรรมดาทั่วไปได้เป็นอย่างดี ช่วยให้ประหยัดทั้งเวลาทำงานและค่าแรงงาน', 'ใช้เส้นลวดขนาดต่างๆ ตั้งแต่ 3-6 มิลลิเมตร เชื่อมอาร์คขึ้นเป็นผืนตะแกรงติดกันด้วยไฟฟ้า ทำให้จุดตัดทุกจุดหลอมละลายเป็นเนื้อเดียวกัน', 0),
('T0065', 'C0028', 'ตะแกรงเหล็ก (ข้ออ้อย) 6.0 x 6.0 มม.', 'wire_mesh.jpg', 'ตะแกรงเหล็กกล้าเชื่อมติดเสริมคอนกรีต สามารถตัดเป็นแผงหรือเป็นม้วนได้ตามต้องการ สามารถนำมาใช้แทนการผูกเหล็กเส้นธรรมดาทั่วไปได้เป็นอย่างดี ช่วยให้ประหยัดทั้งเวลาทำงานและค่าแรงงาน', 'ใช้เส้นลวดขนาดต่างๆ ตั้งแต่ 3-6 มิลลิเมตร เชื่อมอาร์คขึ้นเป็นผืนตะแกรงติดกันด้วยไฟฟ้า ทำให้จุดตัดทุกจุดหลอมละลายเป็นเนื้อเดียวกัน', 0),
('T0067', 'C0028', 'ตะแกรงเหล็ก (ข้ออ้อย) 4.0 x 4.0 มม.', 'wire_mesh.jpg', 'ตะแกรงเหล็กกล้าเชื่อมติดเสริมคอนกรีต สามารถตัดเป็นแผงหรือเป็นม้วนได้ตามต้องการ สามารถนำมาใช้แทนการผูกเหล็กเส้นธรรมดาทั่วไปได้เป็นอย่างดี ช่วยให้ประหยัดทั้งเวลาทำงานและค่าแรงงาน', 'ใช้เส้นลวดขนาดต่างๆ ตั้งแต่ 3-6 มิลลิเมตร เชื่อมอาร์คขึ้นเป็นผืนตะแกรงติดกันด้วยไฟฟ้า ทำให้จุดตัดทุกจุดหลอมละลายเป็นเนื้อเดียวกัน', 0),
('T0068', 'C0028', 'ตะแกรงเหล็ก (ข้ออ้อย) 3.8 x 3.8 มม.', 'wire_mesh.jpg', 'ตะแกรงเหล็กกล้าเชื่อมติดเสริมคอนกรีต สามารถตัดเป็นแผงหรือเป็นม้วนได้ตามต้องการ สามารถนำมาใช้แทนการผูกเหล็กเส้นธรรมดาทั่วไปได้เป็นอย่างดี ช่วยให้ประหยัดทั้งเวลาทำงานและค่าแรงงาน', 'ใช้เส้นลวดขนาดต่างๆ ตั้งแต่ 3-6 มิลลิเมตร เชื่อมอาร์คขึ้นเป็นผืนตะแกรงติดกันด้วยไฟฟ้า ทำให้จุดตัดทุกจุดหลอมละลายเป็นเนื้อเดียวกัน', 0),
('T0069', 'C0029', 'ทับหลัง', '0069.jpg', 'เปรียบได้คล้ายๆ กับเสาเอ็น (แต่อยู่ในแนวนอน) คือทำหน้าที่รับน้ำของผนังซึ่งอยู่เหนือวงกบประตูหรือหน้าต่างและถ่ายน้ำหนักลงไปยังเสาเอ็น (คล้ายกับคานที่ถ่ายน้ำหนักลงเสา) และยึดประตู และหน้าต่างเข้ากับผนังบ้าน', 'เหล็กเอ็นทับหลังสำเร็จรูปผลิตด้วยลวดเหล็กกล้าคาร์บอนต่ำ ที่มีค่า Strength ≥ 5,500 Kg / Sq. Cm. คุณภาพดีได้รับมาตรฐานอุตสาหกรรม ที่ มอก. 194 – 2535 จริงใช้งานได้อย่างน่าเชื่อถือและปลอดภัยจึงรับประกันได้ว่า ลวดขนาด 4 mm. สามารถใช้งานแทนเหล็กเส้นก่อสร้างทั่วไป (SR-24) ขนาด 6 mm', 0),
('T0070', 'C0030', 'หนวดกุ้ง / ลาย', '0070.jpg', 'ใช้สำหรับเสียบเข้าไปในโครงสร้าง แล้วให้ยื่นออกมา เพื่อเกาะเกี่ยวกับส่วนอื่นๆของอาคาร เช่น ผนัง พื้น เสา คาน', 'เหล็กหนวดกุ้ง ส่วนมากเป็นเหล็กข้ออ้อย หรือเหล็กเส้นกลม เป็นตัวเชื่อมภายใน แต่มีส่วนที่ยื่นออกมาจากโครงสร้างคอนกรีตเสริมเหล็กออกมาให้เห็น โดยขนาดของเหล็กที่นิยมใช้มักจะมีเส้นผ่านศูนย์กลาง 6 mm. ยาว 30 cm. เป็นตัวขั้นเสียบเข้าไปในเสาคอนกรีตโดยจะเว้นระยะ 30-40 cm.', 0),
('T0071', 'C0030', 'เหล็กเส้นกลม SR24', '0071.jpg', 'ใช้สำหรับงานก่อสร้างที่รับแรงไม่มากนัก ทำปลอกเสา ปลอกคาน ไม่นิยมสำหรับงานยึดเกาะเช่นปูน เพราะเหล็กมีผิวเรียบมน ไม่เหมาะกับงานยึดเกาะ\r\n\r\n', 'RB6 (เหล็กเส้นกลม 2 หุน) ใช้สำหรับงานก่อสร้างที่รับแรงไม่มาก นิยมใช้ทำปอกเสา และปอกคาน\r\nRB9 (เหล็กเส้นกลม 3 หุน) ใช้สำหรับงานก่อสร้างที่รับแรงไม่มาก คล้ายกับเหล็กเส้นกลม 2 หุน\r\nRB12 (เหล็กเส้นกลม 4 หุน) ใช้สำหรับงานก่อสร้างทั่วไป แต่ไม่เน้นงานยึดเกาะ เพราะเหล็กมีลักษณะเรียบมน ทำให้ยึดเกาะปูนไม่ดีเท่าที่ควร ส่วนมากนิยมใช้กับงานกลึง เช่น งานกลึงหัวน๊อตต่างๆ\r\nRB19  ใช้สำหรับงานทำถนน\r\nRB25 ใช้ทำเป็นเหล็กสตัท เกรียวเร่ง สำหรับงานยึดโครงป้ายขนาดใหญ่สามารถรับแรง และน้ำหนักได้ดี', 0),
('T0072', 'C0030', 'เหล็กเส้นข้ออ้อย SD40T', '0072.jpg', 'นิยมนำไปใช้ในงานก่อสร้างเสริมคอนกรีตที่ต้องการโครงสร้างที่แข็งแรง เป็นตัวเสาหรือตัวคาน เพราะมีการรับน้ำหนักและแรงเสียดทานได้ดีกว่าเหล็กเส้นกลม เหมาะสำหรับงานอาคาร คอนโดมิเนียม ถนนคอนกรีต สะพาน ฯลฯ', 'ช่วยเพิ่มแรงยึดเหนี่ยวให้เหล็กกับคอนกรีต โดยเหล็กข้ออ้อยรับรองตามมาตรฐานมอก. 24 – 2548 มีเส้นผ่าศูนย์กลางของเหล็กข้ออ้อยอยู่ที่ 10  – 32 มม. และมีความยาวมาตรฐาน 10 เมตร และ 12 เมตร โดยเกรดของเหล็กข้ออ้อย จะแบ่งเป็น SD30, SD40 และ SD50', 0),
('T0073', 'C0030', 'เหล็กเส้นข้ออ้อย SD30', '0072.jpg', 'นิยมนำไปใช้ในงานก่อสร้างเสริมคอนกรีตที่ต้องการโครงสร้างที่แข็งแรง เป็นตัวเสาหรือตัวคาน เพราะมีการรับน้ำหนักและแรงเสียดทานได้ดีกว่าเหล็กเส้นกลม เหมาะสำหรับงานอาคาร คอนโดมิเนียม ถนนคอนกรีต สะพาน ฯลฯ', 'ช่วยเพิ่มแรงยึดเหนี่ยวให้เหล็กกับคอนกรีต โดยเหล็กข้ออ้อยรับรองตามมาตรฐานมอก. 24 – 2548 มีเส้นผ่าศูนย์กลางของเหล็กข้ออ้อยอยู่ที่ 10  – 32 มม. และมีความยาวมาตรฐาน 10 เมตร และ 12 เมตร โดยเกรดของเหล็กข้ออ้อย จะแบ่งเป็น SD30, SD40 และ SD50', 0),
('T0074', 'C0030', 'เหล็กโดเวล (กลม)', '0074.jpg', 'ใช้เพื่อเสริมคอนกรีตตาม แนวกว้าง ของพื้นคอนครีต หรือใช้เสริมตรงรอยต่อของคอนกรีตที่สร้างขึ้นตามแนวก่อสร้างต่างๆ', 'ไม่มีข้อมูล', 0),
('T0075', 'C0030', 'เหล็กโดเวล (ข้ออ้อย)', '0074.jpg', 'ใช้เพื่อเสริมคอนกรีตตาม แนวกว้าง ของพื้นคอนครีต หรือใช้เสริมตรงรอยต่อของคอนกรีตที่สร้างขึ้นตามแนวก่อสร้างต่างๆ', 'ไม่มีข้อมูล', 0),
('T0076', 'C0030', 'เหล็กเส้นข้ออ้อย SD40', '0072.jpg', 'นิยมนำไปใช้ในงานก่อสร้างเสริมคอนกรีตที่ต้องการโครงสร้างที่แข็งแรง เป็นตัวเสาหรือตัวคาน เพราะมีการรับน้ำหนักและแรงเสียดทานได้ดีกว่าเหล็กเส้นกลม เหมาะสำหรับงานอาคาร คอนโดมิเนียม ถนนคอนกรีต สะพาน ฯลฯ', 'ช่วยเพิ่มแรงยึดเหนี่ยวให้เหล็กกับคอนกรีต โดยเหล็กข้ออ้อยรับรองตามมาตรฐานมอก. 24 – 2548 มีเส้นผ่าศูนย์กลางของเหล็กข้ออ้อยอยู่ที่ 10  – 32 มม. และมีความยาวมาตรฐาน 10 เมตร และ 12 เมตร โดยเกรดของเหล็กข้ออ้อย จะแบ่งเป็น SD30, SD40 และ SD50', 0);

-- --------------------------------------------------------

--
-- Table structure for table `users`
--

CREATE TABLE `users` (
  `id` int(11) NOT NULL,
  `name` varchar(255) COLLATE utf8mb4_unicode_ci NOT NULL,
  `email` varchar(255) COLLATE utf8mb4_unicode_ci NOT NULL,
  `email_verified_at` timestamp NULL DEFAULT NULL,
  `password` varchar(255) COLLATE utf8mb4_unicode_ci NOT NULL,
  `status` text COLLATE utf8mb4_unicode_ci NOT NULL,
  `remember_token` varchar(100) COLLATE utf8mb4_unicode_ci DEFAULT NULL,
  `created_at` timestamp NULL DEFAULT NULL,
  `updated_at` timestamp NULL DEFAULT NULL
) ENGINE=InnoDB DEFAULT CHARSET=utf8mb4 COLLATE=utf8mb4_unicode_ci;

--
-- Dumping data for table `users`
--

INSERT INTO `users` (`id`, `name`, `email`, `email_verified_at`, `password`, `status`, `remember_token`, `created_at`, `updated_at`) VALUES
(1, 'อ้อม เกศริน', 'admin1@gmail.com', NULL, '$2y$10$F09oKqa8a8yydLfGVUoAKeJYpLwQgy57OHOvVGPcGd4.332K/RL2S', 'admin', NULL, NULL, NULL),
(2, 'คริส เอกนรินทร์', 'admin2@gmail.com', NULL, '$2y$10$6FEsaNx0mfczXYySQ1lAUeL0TWjtt8lB91YDhQF3SwTRAKKwpXDLq', 'admin', NULL, NULL, NULL),
(3, 'มนัส คงอยู่', 'cus3@gmail.com', NULL, '$2y$10$CKbfc6U7iBdGy3e92cyEQuqKwrb4n9520pY3rWiM3CDTAqLyeM.UC', 'ลูกค้า', NULL, NULL, NULL),
(4, 'ธนภัทร รุ่งเรือง', 'cus4@gmail.com', NULL, '$2y$10$qyrLsIJPonZYHJ2Gi/tgju1Hv7bnr.z8mLOozKIRN1q5XnaqlK7Iq', 'ลูกค้า', NULL, NULL, NULL),
(5, 'ทวีศักดิ์ ดวงแก้ว', 'cus5@gmail.com', NULL, '$2y$10$pPEkZcBsWRXDFng/1/2QsOoWMfdj0LTfqTdEl612ws3OMKSGMT5li', 'ลูกค้า', NULL, NULL, NULL),
(6, 'ร่มฉัตร สุขเกษม', 'cus6@gmail.com', NULL, '$2y$10$C7WZ6KyOTVix9aoiSTgP5.SziBuyvAs9AGyxibjU0jhHoEQXJEAyC', 'ลูกค้า', NULL, NULL, NULL),
(7, 'ปิยะ ไพศาล', 'cus7@gmail.com', NULL, '$2y$10$KxgYrJUiJ6UyY1dF8OmFFOuJdvhtqSrOs6zobjRyPp1iD9p7TL0bO', 'ลูกค้า', NULL, NULL, NULL),
(8, 'สมเพชร รินยานะ', 'cus8@gmail.com', NULL, '$2y$10$Rum7S79NF1mGpI9i4QUWBOlOZcBgWbp6q6.Rj6kntfMlu1axiD5nS', 'ลูกค้า', NULL, NULL, NULL),
(9, 'เจเอ็น เพาเวอร์', 'cus9@gmail.com', NULL, '$2y$10$KWDbJd8QvDvGp82oovChtOAZjUjh1byQmaa9LyCB1/VmpEppX8L06', 'ลูกค้า', NULL, NULL, NULL),
(10, 'บุญเลียว สุขใจ', 'cus10@gmail.com', NULL, '$2y$10$mjprLo4uFdL2I6TN89N/gOzt7I9NzL77gVk/ClCoAfUyS6tKLyYeW', 'ลูกค้า', NULL, NULL, NULL),
(11, 'วิชัย พิริยะอนันต์', 'cus11@gmail.com', NULL, '$2y$10$DxTRwJ70m1LSd2PA6sPpXuEdarUL8i6tvZu7rPdEjb2g/Ns9gQ86C', 'ลูกค้า', NULL, NULL, NULL),
(12, 'บุญส่ง บัวผัด', 'cus12@gmail.com', NULL, '$2y$10$bRKxq5/BQDTPm6uZE2ZF6e85H4xhuOsiJBwuWQkz7Z1IV1et8zMe.', 'ลูกค้า', NULL, NULL, NULL),
(13, 'นิรันดร์ ชัยกุล', 'cus13@gmail.com', NULL, '$2y$10$kbseBk4b8ZYxs6phM1SKXe4oiQnh.OuGmnwGacSBU0OS7W2TWAdUa', 'ลูกค้า', NULL, NULL, NULL),
(14, 'อาชา ยาภรณ์', 'cus14@gmail.com', NULL, '$2y$10$pvV2s6OmBbzE5y.9aX0Hs.kVNuuiXzSQDobBkjL.ErFP1ybB0XMf2', 'ลูกค้า', NULL, NULL, NULL),
(15, 'พูนสิน เลิศหล้า', 'cus15@gmail.com', NULL, '$2y$10$bC3GXRsdwQqSnlSU7FIpzufaRXrBzDP6favvvPs5rEcuYSIaReQgm', 'ลูกค้า', NULL, NULL, NULL),
(16, 'นัยนา กันธวงศ์', 'cus16@gmail.com', NULL, '$2y$10$.OoYPSll1kDUJYMrEDWvrOt9nzo.U6eK.4ayAvl077v8hcSNYROUW', 'ลูกค้า', NULL, NULL, NULL),
(17, 'พนธกร สมศักดิ์ศรี', 'cus17@gmail.com', NULL, '$2y$10$WlVrMQWBhICrglccESEbI.ICY.PVALjOUcyMNsRWKQopKJK7fvece', 'ลูกค้า', NULL, NULL, NULL),
(18, 'รชฏ พอเพียง', 'cus18@gmail.com', NULL, '$2y$10$eFlVW9YmXTdDsxEzyriu6uqDY4sc4XGFq6n8fYMi0JyLAtmC1kAcq', 'ลูกค้า', NULL, NULL, NULL),
(19, 'ไพฑูรย์ วาระมนตรี', 'cus19@gmail.com', NULL, '$2y$10$I2szIy8rBNRPCxOMTYXFHOEWVmYmIS3XBIPd5NpMV.37HFGx4RVbO', 'ลูกค้า', NULL, NULL, NULL),
(20, 'อุดม ธนกิจ', 'cus20@gmail.com', NULL, '$2y$10$JwY77ESZTh.KcM2dC9LwrO470uQXd9mwOqs442osJ0HjAWwzztOLC', 'ลูกค้า', NULL, NULL, NULL),
(21, 'กรวิชญ์ วรรณจิตร', 'cus21@gmail.com', NULL, '$2y$10$OfAJ0gCRIv4.Onj.DxvgzOPEa./t1P2Il8iyfQKdFNigAEeh1R57G', 'ลูกค้า', NULL, NULL, NULL),
(22, 'ศุภกร ทรัพย์สมบูรณ์', 'cus22@gmail.com', NULL, '$2y$10$hOwud3Foal2WwogEwwoEOu0XSmqMhlwPhmFw5BJxAaidHtU9v2R8q', 'ลูกค้า', NULL, NULL, NULL);

-- --------------------------------------------------------

--
-- Table structure for table `users_old`
--

CREATE TABLE `users_old` (
  `uID` varchar(50) NOT NULL,
  `cID` varchar(50) NOT NULL,
  `uName` text NOT NULL,
  `uEmail` text NOT NULL,
  `uPass` text NOT NULL,
  `uStatus` varchar(45) NOT NULL
) ENGINE=InnoDB DEFAULT CHARSET=utf8;

--
-- Indexes for dumped tables
--

--
-- Indexes for table `bargains`
--
ALTER TABLE `bargains`
  ADD PRIMARY KEY (`bID`);

--
-- Indexes for table `catagories`
--
ALTER TABLE `catagories`
  ADD PRIMARY KEY (`caID`),
  ADD KEY `fk_catagories_group1` (`gID`);

--
-- Indexes for table `customers`
--
ALTER TABLE `customers`
  ADD PRIMARY KEY (`cID`);

--
-- Indexes for table `details`
--
ALTER TABLE `details`
  ADD PRIMARY KEY (`dID`),
  ADD KEY `fk_details_orders1` (`oID`),
  ADD KEY `fk_details_products1` (`pID`);

--
-- Indexes for table `evidences`
--
ALTER TABLE `evidences`
  ADD PRIMARY KEY (`eID`),
  ADD KEY `fk_evidences_orders1` (`oID`);

--
-- Indexes for table `group`
--
ALTER TABLE `group`
  ADD PRIMARY KEY (`gID`);

--
-- Indexes for table `migrations`
--
ALTER TABLE `migrations`
  ADD PRIMARY KEY (`id`);

--
-- Indexes for table `orders`
--
ALTER TABLE `orders`
  ADD PRIMARY KEY (`oID`),
  ADD KEY `fk_orders_status1` (`oStatus`),
  ADD KEY `fk_orders_customers1` (`cID`);

--
-- Indexes for table `password_resets`
--
ALTER TABLE `password_resets`
  ADD KEY `password_resets_email_index` (`email`);

--
-- Indexes for table `products`
--
ALTER TABLE `products`
  ADD PRIMARY KEY (`pID`),
  ADD KEY `fk_products_type1` (`tID`);

--
-- Indexes for table `status`
--
ALTER TABLE `status`
  ADD PRIMARY KEY (`status`);

--
-- Indexes for table `tier`
--
ALTER TABLE `tier`
  ADD PRIMARY KEY (`tierID`);

--
-- Indexes for table `type`
--
ALTER TABLE `type`
  ADD PRIMARY KEY (`tID`),
  ADD KEY `fk_type_catagories` (`caID`);

--
-- Indexes for table `users_old`
--
ALTER TABLE `users_old`
  ADD PRIMARY KEY (`uID`),
  ADD KEY `fk_users_customers1` (`cID`);

--
-- AUTO_INCREMENT for dumped tables
--

--
-- AUTO_INCREMENT for table `migrations`
--
ALTER TABLE `migrations`
  MODIFY `id` int(10) UNSIGNED NOT NULL AUTO_INCREMENT, AUTO_INCREMENT=4;

--
-- Constraints for dumped tables
--

--
-- Constraints for table `catagories`
--
ALTER TABLE `catagories`
  ADD CONSTRAINT `fk_catagories_group1` FOREIGN KEY (`gID`) REFERENCES `group` (`gID`) ON DELETE NO ACTION ON UPDATE NO ACTION;

--
-- Constraints for table `details`
--
ALTER TABLE `details`
  ADD CONSTRAINT `fk_details_orders1` FOREIGN KEY (`oID`) REFERENCES `orders` (`oID`) ON DELETE NO ACTION ON UPDATE NO ACTION,
  ADD CONSTRAINT `fk_details_products1` FOREIGN KEY (`pID`) REFERENCES `products` (`pID`) ON DELETE NO ACTION ON UPDATE NO ACTION;

--
-- Constraints for table `evidences`
--
ALTER TABLE `evidences`
  ADD CONSTRAINT `fk_evidences_orders1` FOREIGN KEY (`oID`) REFERENCES `orders` (`oID`) ON DELETE NO ACTION ON UPDATE NO ACTION;

--
-- Constraints for table `orders`
--
ALTER TABLE `orders`
  ADD CONSTRAINT `fk_orders_customers1` FOREIGN KEY (`cID`) REFERENCES `customers` (`cID`) ON DELETE NO ACTION ON UPDATE NO ACTION,
  ADD CONSTRAINT `fk_orders_status1` FOREIGN KEY (`oStatus`) REFERENCES `status` (`status`) ON DELETE NO ACTION ON UPDATE NO ACTION;

--
-- Constraints for table `products`
--
ALTER TABLE `products`
  ADD CONSTRAINT `fk_products_type1` FOREIGN KEY (`tID`) REFERENCES `type` (`tID`) ON DELETE NO ACTION ON UPDATE NO ACTION;

--
-- Constraints for table `type`
--
ALTER TABLE `type`
  ADD CONSTRAINT `fk_type_catagories` FOREIGN KEY (`caID`) REFERENCES `catagories` (`caID`) ON DELETE NO ACTION ON UPDATE NO ACTION;

--
-- Constraints for table `users_old`
--
ALTER TABLE `users_old`
  ADD CONSTRAINT `fk_users_customers1` FOREIGN KEY (`cID`) REFERENCES `customers` (`cID`) ON DELETE NO ACTION ON UPDATE NO ACTION;
COMMIT;

/*!40101 SET CHARACTER_SET_CLIENT=@OLD_CHARACTER_SET_CLIENT */;
/*!40101 SET CHARACTER_SET_RESULTS=@OLD_CHARACTER_SET_RESULTS */;
/*!40101 SET COLLATION_CONNECTION=@OLD_COLLATION_CONNECTION */;
